-- phpMyAdmin SQL Dump
-- version 4.8.3
-- https://www.phpmyadmin.net/
--
-- Host: 127.0.0.1
-- Generation Time: Aug 11, 2019 at 10:49 AM
-- Server version: 10.1.37-MariaDB
-- PHP Version: 7.2.12

SET SQL_MODE = "NO_AUTO_VALUE_ON_ZERO";
SET AUTOCOMMIT = 0;
START TRANSACTION;
SET time_zone = "+00:00";


/*!40101 SET @OLD_CHARACTER_SET_CLIENT=@@CHARACTER_SET_CLIENT */;
/*!40101 SET @OLD_CHARACTER_SET_RESULTS=@@CHARACTER_SET_RESULTS */;
/*!40101 SET @OLD_COLLATION_CONNECTION=@@COLLATION_CONNECTION */;
/*!40101 SET NAMES utf8mb4 */;

--
-- Database: `test_api`
--

-- --------------------------------------------------------

--
-- Table structure for table `migrations`
--

CREATE TABLE `migrations` (
  `id` int(10) UNSIGNED NOT NULL,
  `migration` varchar(191) COLLATE utf8mb4_unicode_ci NOT NULL,
  `batch` int(11) NOT NULL
) ENGINE=InnoDB DEFAULT CHARSET=utf8mb4 COLLATE=utf8mb4_unicode_ci;

--
-- Dumping data for table `migrations`
--

INSERT INTO `migrations` (`id`, `migration`, `batch`) VALUES
(1, '2014_10_12_000000_create_users_table', 1),
(2, '2014_10_12_100000_create_password_resets_table', 1),
(3, '2019_08_10_143147_create_products_table', 1),
(4, '2019_08_10_143823_create_reviews_table', 1);

-- --------------------------------------------------------

--
-- Table structure for table `password_resets`
--

CREATE TABLE `password_resets` (
  `email` varchar(191) COLLATE utf8mb4_unicode_ci NOT NULL,
  `token` varchar(191) COLLATE utf8mb4_unicode_ci NOT NULL,
  `created_at` timestamp NULL DEFAULT NULL
) ENGINE=InnoDB DEFAULT CHARSET=utf8mb4 COLLATE=utf8mb4_unicode_ci;

-- --------------------------------------------------------

--
-- Table structure for table `products`
--

CREATE TABLE `products` (
  `id` int(10) UNSIGNED NOT NULL,
  `name` varchar(191) COLLATE utf8mb4_unicode_ci NOT NULL,
  `detail` text COLLATE utf8mb4_unicode_ci NOT NULL,
  `price` int(11) NOT NULL,
  `stock` int(11) NOT NULL,
  `discount` int(11) NOT NULL,
  `user_id` int(10) UNSIGNED NOT NULL,
  `created_at` timestamp NULL DEFAULT NULL,
  `updated_at` timestamp NULL DEFAULT NULL
) ENGINE=InnoDB DEFAULT CHARSET=utf8mb4 COLLATE=utf8mb4_unicode_ci;

--
-- Dumping data for table `products`
--

INSERT INTO `products` (`id`, `name`, `detail`, `price`, `stock`, `discount`, `user_id`, `created_at`, `updated_at`) VALUES
(1, 'aut', 'Quam ipsum quia consequuntur. Reiciendis ut voluptatum necessitatibus sunt quis. Officia qui ut ex ipsum non eos odio.', 336, 9, 6, 3, '2019-08-11 01:40:37', '2019-08-11 01:40:37'),
(2, 'velit', 'Illum corrupti ut enim sit quo. Illo vitae iusto molestias. Non dolores impedit labore possimus non et laborum. Architecto ducimus veniam est beatae placeat neque.', 741, 1, 12, 1, '2019-08-11 01:40:37', '2019-08-11 01:40:37'),
(3, 'aut', 'Qui repellat ut nobis et consequatur consequatur. Id ut autem cupiditate ea mollitia quos adipisci. Sint dignissimos commodi aut vel modi qui aliquam autem.', 259, 5, 22, 4, '2019-08-11 01:40:37', '2019-08-11 01:40:37'),
(4, 'ea', 'Ut quam mollitia eum non. Qui qui hic voluptatem voluptatibus assumenda nihil vitae. Ipsum nobis velit sed natus et qui accusantium.', 685, 8, 25, 3, '2019-08-11 01:40:37', '2019-08-11 01:40:37'),
(5, 'doloremque', 'Accusantium non dolores nihil tempore eum nemo. Et quis fugit velit dignissimos aut earum sunt.', 966, 5, 8, 2, '2019-08-11 01:40:38', '2019-08-11 01:40:38'),
(6, 'molestias', 'Velit est amet suscipit beatae. Ab enim consequatur consectetur rerum quos. Illum tempore tenetur error qui ut.', 155, 6, 12, 1, '2019-08-11 01:40:38', '2019-08-11 01:40:38'),
(7, 'sint', 'Unde id voluptatem sit ab error. In aspernatur fugit neque ipsam ea. Velit distinctio qui soluta esse deleniti voluptatem aut nisi. Distinctio magni non quisquam id. Dicta saepe pariatur eaque explicabo tenetur ut illo voluptate.', 831, 9, 16, 2, '2019-08-11 01:40:38', '2019-08-11 01:40:38'),
(8, 'quo', 'Eum dolor neque fugit. Qui perspiciatis tempora sit quae. Error quibusdam sit vel magnam. Doloremque nemo tempora est debitis ut.', 139, 1, 20, 1, '2019-08-11 01:40:38', '2019-08-11 01:40:38'),
(9, 'distinctio', 'Nisi aut saepe id. Similique eligendi voluptatem quis vel velit et.', 851, 6, 10, 4, '2019-08-11 01:40:38', '2019-08-11 01:40:38'),
(10, 'qui', 'Molestiae provident incidunt at. Explicabo et est sapiente magnam necessitatibus est blanditiis. Aut sit quam animi est in aut.', 722, 5, 10, 1, '2019-08-11 01:40:38', '2019-08-11 01:40:38'),
(11, 'et', 'Quaerat non voluptas quas dolore. Ab distinctio tempora voluptatem molestiae. Ullam dolorem ex aliquid eveniet labore ipsum non.', 580, 6, 29, 4, '2019-08-11 01:40:38', '2019-08-11 01:40:38'),
(12, 'id', 'Expedita et quas commodi libero. Nihil est id eligendi magni maxime autem totam. Quos magni enim quos aut quae eligendi.', 646, 4, 26, 5, '2019-08-11 01:40:38', '2019-08-11 01:40:38'),
(13, 'magnam', 'Consequatur nemo consequatur totam quae eos quibusdam. Aliquam qui reprehenderit voluptatem officiis. Fuga ab dolor asperiores sit.', 975, 2, 7, 4, '2019-08-11 01:40:38', '2019-08-11 01:40:38'),
(14, 'nemo', 'Tempora dolorem quae et id ea recusandae. Iure itaque distinctio soluta qui. Sed incidunt possimus amet dolor dolore culpa unde.', 523, 6, 20, 2, '2019-08-11 01:40:38', '2019-08-11 01:40:38'),
(15, 'velit', 'Aut iure exercitationem incidunt sit error accusantium tempore. Qui quo in placeat officiis aut aliquid. Voluptatem ullam commodi suscipit necessitatibus magnam nesciunt.', 258, 8, 9, 5, '2019-08-11 01:40:38', '2019-08-11 01:40:38'),
(16, 'atque', 'Dolor est illo nihil velit aut odio. Earum illo velit dolor nihil dicta corrupti et. Occaecati optio accusamus quam voluptas delectus quasi minus. Qui impedit sit occaecati quam voluptates est debitis officiis. Fugit voluptatem numquam veniam.', 306, 0, 10, 2, '2019-08-11 01:40:38', '2019-08-11 01:40:38'),
(17, 'autem', 'Voluptatum dolores harum voluptas autem minus quas nam veniam. Ratione in eos harum expedita. Rem aut quod atque labore id illum explicabo.', 396, 1, 27, 2, '2019-08-11 01:40:38', '2019-08-11 01:40:38'),
(18, 'eum', 'Architecto blanditiis tempore voluptatum et. Nihil nesciunt odit autem. Atque consequuntur soluta accusamus accusantium et impedit. Molestiae sit error placeat corrupti quae sequi.', 427, 3, 7, 2, '2019-08-11 01:40:38', '2019-08-11 01:40:38'),
(19, 'qui', 'Iusto nemo repellat ut dicta similique. Veritatis eos facilis dolor nam libero. Accusantium aut excepturi asperiores assumenda qui. Temporibus laborum illum numquam vero quidem ex.', 626, 2, 23, 3, '2019-08-11 01:40:38', '2019-08-11 01:40:38'),
(20, 'voluptates', 'Dolorem beatae adipisci beatae alias expedita dolorum et. Quam et eaque voluptatem aut. Culpa tenetur unde in est a modi.', 970, 5, 3, 5, '2019-08-11 01:40:38', '2019-08-11 01:40:38'),
(21, 'sint', 'Dolor hic occaecati itaque consequatur consequatur. Minima saepe molestiae magni tenetur vero omnis. Culpa est cumque deserunt excepturi tempora necessitatibus molestiae. Sunt et et ut ad.', 686, 2, 23, 1, '2019-08-11 01:40:38', '2019-08-11 01:40:38'),
(22, 'facere', 'Harum voluptas molestias illo sint ut. Perferendis minus laudantium placeat ipsam. Et ipsa esse sunt. Rerum doloremque vero ipsam quia. Non nesciunt neque corporis ut commodi facilis necessitatibus.', 222, 7, 18, 3, '2019-08-11 01:40:38', '2019-08-11 01:40:38'),
(23, 'et', 'Omnis ipsum officiis omnis dolore est ea harum. Non sed voluptas et qui. Deleniti quo nemo repellat sit. Ipsum eos eligendi et officia nobis odit omnis. Consequatur inventore dolores eveniet porro.', 222, 1, 6, 2, '2019-08-11 01:40:38', '2019-08-11 01:40:38'),
(24, 'earum', 'Aut saepe quasi sed labore qui nam. Ab qui dolor mollitia velit et saepe voluptatem.', 917, 6, 13, 5, '2019-08-11 01:40:38', '2019-08-11 01:40:38'),
(25, 'molestiae', 'Et suscipit exercitationem saepe inventore fuga omnis modi. Cum voluptatem voluptatum pariatur eaque voluptate aspernatur blanditiis. Iusto soluta voluptas facere exercitationem quod voluptatibus. Ipsa fugiat quis sed sapiente non.', 719, 8, 4, 4, '2019-08-11 01:40:38', '2019-08-11 01:40:38'),
(26, 'molestias', 'Blanditiis vitae facere perspiciatis qui sunt illo molestias. Consequatur est voluptate aut aspernatur quisquam. Praesentium quod blanditiis est aut nisi officiis tempore velit. Quia assumenda corrupti dolore aliquid ut.', 375, 2, 22, 4, '2019-08-11 01:40:38', '2019-08-11 01:40:38'),
(27, 'debitis', 'Nihil autem delectus quidem itaque. Quisquam odit delectus in quod ut aliquid. Magni quis provident amet tempore at molestiae.', 648, 6, 9, 2, '2019-08-11 01:40:38', '2019-08-11 01:40:38'),
(28, 'et', 'Sequi veritatis corporis quaerat. Porro adipisci ut eos laudantium. A dolor nam quo. Commodi modi numquam excepturi ut dolorem voluptate cumque commodi.', 658, 0, 20, 5, '2019-08-11 01:40:38', '2019-08-11 01:40:38'),
(29, 'voluptatum', 'Qui ut quia iusto expedita ab. Ut nulla cum autem possimus alias qui consequuntur. Aut fugiat aperiam blanditiis error est est nostrum.', 937, 0, 4, 2, '2019-08-11 01:40:38', '2019-08-11 01:40:38'),
(30, 'porro', 'Beatae recusandae sit ea adipisci ipsam aut et. Non nesciunt a aliquid qui veniam impedit. Autem vel repellat ab et.', 495, 5, 19, 5, '2019-08-11 01:40:38', '2019-08-11 01:40:38'),
(31, 'vitae', 'Nulla officia dignissimos molestiae voluptate. Nostrum excepturi nisi qui voluptatem perspiciatis quia voluptatum. Quibusdam facere ex officia laborum aut similique.', 349, 6, 2, 5, '2019-08-11 01:40:38', '2019-08-11 01:40:38'),
(32, 'ab', 'Atque temporibus optio repudiandae reiciendis quos voluptas. Neque sequi et soluta expedita aut. Sit id aut consequatur aperiam ipsum. Excepturi quam in totam voluptatem.', 646, 3, 28, 1, '2019-08-11 01:40:38', '2019-08-11 01:40:38'),
(33, 'eum', 'Vero qui temporibus eum qui sit quaerat hic. Aut officiis iste vel consequatur ut aperiam saepe. Pariatur consequatur veniam eum doloremque at fugiat libero molestiae. Dolore et dicta repudiandae ipsa. Veniam ut nihil et quasi ratione ut et.', 641, 4, 26, 3, '2019-08-11 01:40:38', '2019-08-11 01:40:38'),
(34, 'minus', 'Cupiditate dolorum perferendis error eius quam. Veniam necessitatibus nobis et et ad. Ea aut odit et vero voluptas error. Labore eveniet aspernatur odio fuga.', 660, 8, 26, 2, '2019-08-11 01:40:38', '2019-08-11 01:40:38'),
(35, 'odit', 'Et facilis corporis ducimus expedita. Vel quis hic sint dicta corporis et unde accusamus. Aut praesentium id ut earum enim omnis. Cumque sunt quos sit eligendi repellat.', 950, 6, 16, 5, '2019-08-11 01:40:38', '2019-08-11 01:40:38'),
(36, 'rerum', 'Maiores autem voluptatibus illo mollitia facilis. Voluptates repellendus officiis eius deleniti voluptas voluptates. Aut omnis facere qui quasi atque aut. Commodi iusto velit sunt reiciendis aut. Consequatur itaque sunt ex aut totam sint ipsa dolores.', 344, 3, 15, 1, '2019-08-11 01:40:38', '2019-08-11 01:40:38'),
(37, 'vel', 'Illo eveniet molestias voluptates totam soluta officia nostrum. Soluta exercitationem quae et sint quam praesentium. Quasi nulla occaecati voluptatibus laudantium quasi.', 702, 9, 27, 3, '2019-08-11 01:40:38', '2019-08-11 01:40:38'),
(38, 'odio', 'Unde necessitatibus nemo totam sint quis. Animi sunt saepe amet dolorem eaque illo harum. Nisi quis vel nostrum quaerat praesentium error. In libero eos nemo facilis.', 331, 8, 17, 3, '2019-08-11 01:40:39', '2019-08-11 01:40:39'),
(39, 'natus', 'Iure omnis voluptatem dolor. Et eum earum expedita sunt a consequuntur. Vero perferendis quia assumenda similique sint exercitationem. Sapiente animi deleniti incidunt rerum voluptatem.', 1000, 3, 13, 2, '2019-08-11 01:40:39', '2019-08-11 01:40:39'),
(40, 'sed', 'Blanditiis rerum iste itaque eligendi dolores ratione accusantium vel. Expedita molestiae molestiae ut dolor. Sed sequi similique dolores quo atque neque. Praesentium consequatur et ullam sint.', 755, 9, 12, 4, '2019-08-11 01:40:39', '2019-08-11 01:40:39'),
(41, 'est', 'Impedit non alias quas. Non minima explicabo nostrum rerum aut et. Nostrum at minus sint et eveniet.', 645, 0, 28, 1, '2019-08-11 01:40:39', '2019-08-11 01:40:39'),
(42, 'cumque', 'Et reprehenderit odio quasi et. Aut consequatur veritatis veniam nam aperiam nostrum.', 396, 2, 2, 1, '2019-08-11 01:40:39', '2019-08-11 01:40:39'),
(43, 'tempore', 'Est ex aut incidunt rerum. Occaecati temporibus nulla cumque distinctio quae. Aut esse rem totam rem necessitatibus iusto aut. Sit repellat officia rerum voluptatibus.', 131, 8, 13, 3, '2019-08-11 01:40:39', '2019-08-11 01:40:39'),
(44, 'voluptatem', 'Quisquam magni aut explicabo quia qui aut qui. Deleniti ab fuga id et laborum et sed. Non fuga rerum cum sed. Rerum repellendus consequatur deleniti et. Placeat ratione modi asperiores eum nostrum ut.', 701, 3, 8, 1, '2019-08-11 01:40:39', '2019-08-11 01:40:39'),
(45, 'cumque', 'Hic minima dignissimos voluptatum iure odio. Quasi tempore in quos quas eum et repellat. Aliquam sequi nostrum corrupti accusantium iste quam reiciendis.', 237, 3, 21, 4, '2019-08-11 01:40:39', '2019-08-11 01:40:39'),
(46, 'nihil', 'Autem distinctio suscipit dolorum porro aspernatur sequi. Consequuntur in accusamus tempore facilis ex. Ducimus et non aspernatur et fugiat neque asperiores. Quo quisquam vero et aperiam error.', 274, 1, 21, 4, '2019-08-11 01:40:39', '2019-08-11 01:40:39'),
(47, 'aliquid', 'Et velit voluptatem magni eum voluptate rerum rerum. Ut minus blanditiis ea neque id non nulla. Et eum quis omnis culpa quia quo ad asperiores. Rem ipsam rem fugiat dicta earum voluptatibus. Assumenda impedit soluta et architecto.', 160, 2, 27, 5, '2019-08-11 01:40:39', '2019-08-11 01:40:39'),
(48, 'autem', 'Perferendis quo voluptatem quia saepe sed. Eum quia eos temporibus aut et commodi non dolores. Sunt corrupti aliquam cumque dolores. Quo hic nulla vel voluptatem.', 818, 0, 22, 3, '2019-08-11 01:40:39', '2019-08-11 01:40:39'),
(49, 'magni', 'Sed ex laudantium libero enim. Non nisi atque sed voluptatem est expedita. Voluptate nobis praesentium aut iusto et numquam cupiditate rerum. Repellat optio magni accusamus aspernatur quibusdam delectus.', 217, 4, 10, 2, '2019-08-11 01:40:39', '2019-08-11 01:40:39'),
(50, 'quasi', 'Maxime nemo alias velit sint cupiditate quos. Quia minus esse voluptatibus cupiditate. Officiis cupiditate sunt sequi nemo eveniet.', 571, 5, 2, 2, '2019-08-11 01:40:39', '2019-08-11 01:40:39');

-- --------------------------------------------------------

--
-- Table structure for table `reviews`
--

CREATE TABLE `reviews` (
  `id` int(10) UNSIGNED NOT NULL,
  `product_id` int(10) UNSIGNED NOT NULL,
  `customer` varchar(191) COLLATE utf8mb4_unicode_ci NOT NULL,
  `review` text COLLATE utf8mb4_unicode_ci NOT NULL,
  `star` int(11) NOT NULL,
  `created_at` timestamp NULL DEFAULT NULL,
  `updated_at` timestamp NULL DEFAULT NULL
) ENGINE=InnoDB DEFAULT CHARSET=utf8mb4 COLLATE=utf8mb4_unicode_ci;

--
-- Dumping data for table `reviews`
--

INSERT INTO `reviews` (`id`, `product_id`, `customer`, `review`, `star`, `created_at`, `updated_at`) VALUES
(1, 9, 'Ardella Becker', 'Fugit repellendus ea perspiciatis eligendi impedit error. Sed deserunt nihil corporis quia magnam rerum. Facere architecto voluptatem repudiandae accusantium.', 5, '2019-08-11 01:40:40', '2019-08-11 01:40:40'),
(2, 47, 'Dana Herzog', 'Nam porro modi asperiores aut. Non tempore placeat eligendi laboriosam enim. Et suscipit sunt aut.', 4, '2019-08-11 01:40:40', '2019-08-11 01:40:40'),
(3, 11, 'Maxine Pollich', 'Voluptatem amet temporibus quos molestiae dolores. Harum at non dolorem ducimus architecto qui. Enim officia eum itaque recusandae tempora nihil.', 3, '2019-08-11 01:40:40', '2019-08-11 01:40:40'),
(4, 25, 'Jaylan Goldner', 'Sunt assumenda sit voluptatem nesciunt tenetur rem. Dignissimos aut quisquam ut molestiae quae autem omnis. Quibusdam omnis culpa harum ab nihil laboriosam.', 0, '2019-08-11 01:40:40', '2019-08-11 01:40:40'),
(5, 12, 'Anthony McKenzie', 'Provident voluptates ipsam dolorum. Sequi aperiam dolorem est sint occaecati. Ipsa inventore consequuntur aut sed.', 1, '2019-08-11 01:40:40', '2019-08-11 01:40:40'),
(6, 45, 'Ewald Rosenbaum', 'Minima consequatur doloremque quaerat sed blanditiis. Sit labore nostrum sed iusto saepe. Velit velit neque occaecati atque totam et totam. Dignissimos aliquid ex dolorem voluptatibus corrupti eveniet laudantium sed. Velit eligendi nostrum nihil in eum sed.', 0, '2019-08-11 01:40:40', '2019-08-11 01:40:40'),
(7, 15, 'Tiana Treutel', 'Vitae et ea qui deleniti eos ut doloribus. Non ut inventore magni animi assumenda. Saepe voluptatibus veniam sint et ut autem eum deleniti.', 1, '2019-08-11 01:40:40', '2019-08-11 01:40:40'),
(8, 24, 'Desiree Kemmer', 'Sed accusamus ipsum ratione in. Architecto dicta eum eveniet eum dolores aut deserunt. Sunt facere dolor earum illum vitae vero quia. Culpa et aliquam consequatur voluptas.', 2, '2019-08-11 01:40:40', '2019-08-11 01:40:40'),
(9, 10, 'Prof. Cyrus Streich DDS', 'Beatae voluptatem veritatis officia ut aut necessitatibus est. Voluptatum labore et omnis quos. Et quo accusantium aut voluptas soluta dolorem temporibus.', 5, '2019-08-11 01:40:40', '2019-08-11 01:40:40'),
(10, 43, 'Aaron Kerluke', 'Autem repellendus magni consequatur fuga. Maxime omnis eveniet cumque optio. Minus facilis non autem voluptatem quo suscipit eum reiciendis.', 0, '2019-08-11 01:40:40', '2019-08-11 01:40:40'),
(11, 17, 'Horacio Becker', 'Sunt fuga aperiam quia quae atque consequatur. Sunt in beatae rerum dolorem doloribus et ut. Voluptatem consequatur rem iure quos.', 0, '2019-08-11 01:40:40', '2019-08-11 01:40:40'),
(12, 47, 'Hassan Schmeler', 'Sapiente et aliquid voluptatem vel laborum et. Saepe dolorem qui voluptatem voluptatem. Molestias ab ratione et.', 2, '2019-08-11 01:40:40', '2019-08-11 01:40:40'),
(13, 16, 'Harrison Fadel', 'Animi aut rerum est voluptas molestiae ut mollitia nihil. Modi velit aliquid non sapiente. Aut voluptatem architecto laborum voluptates non sunt.', 0, '2019-08-11 01:40:40', '2019-08-11 01:40:40'),
(14, 12, 'Ana Stamm', 'Ducimus voluptas nihil aut maiores. Possimus aspernatur aliquam consequuntur nostrum. Eaque impedit alias dolorem adipisci placeat est numquam. Eius recusandae quo molestiae amet repudiandae. Quo blanditiis et placeat tempore iure reprehenderit.', 4, '2019-08-11 01:40:40', '2019-08-11 01:40:40'),
(15, 35, 'Anjali Wisoky', 'Quia dolores et in voluptas ea ut sed. Tempore voluptas illo mollitia et aut. Eos nemo et doloribus eos. Aut nobis reiciendis voluptatem nemo odio voluptatibus.', 4, '2019-08-11 01:40:40', '2019-08-11 01:40:40'),
(16, 1, 'Davonte McCullough', 'Ullam omnis velit hic qui et dicta. Vitae fuga at maiores at reiciendis sit dolor officiis. Minima architecto et et perspiciatis laudantium dolores aut iure.', 5, '2019-08-11 01:40:40', '2019-08-11 01:40:40'),
(17, 16, 'Mr. Horacio Konopelski', 'Quidem magnam beatae consequatur itaque cum ut aut. Ea esse nulla dolorem ex assumenda. Perspiciatis libero dolore alias est architecto cupiditate. Deleniti rerum doloremque iusto. Blanditiis suscipit modi odit ut.', 1, '2019-08-11 01:40:40', '2019-08-11 01:40:40'),
(18, 16, 'Nicholaus Torphy', 'Et non ut vitae occaecati aut. Natus dolores distinctio iure ut dolores hic.', 2, '2019-08-11 01:40:40', '2019-08-11 01:40:40'),
(19, 27, 'Mrs. Macie O\'Keefe MD', 'Sed molestiae atque qui magnam necessitatibus. Et autem repellendus soluta aut dolor. Consequatur explicabo beatae commodi et non consectetur.', 5, '2019-08-11 01:40:40', '2019-08-11 01:40:40'),
(20, 12, 'Prof. Enrique Schultz MD', 'Voluptas repudiandae suscipit at enim amet. Vel eligendi alias eos et. Ea nam sit asperiores est laboriosam accusamus quo odit.', 0, '2019-08-11 01:40:40', '2019-08-11 01:40:40'),
(21, 28, 'Jettie Smith II', 'Officiis cum aspernatur quisquam. Aliquam ut perspiciatis molestiae rem at quis. Autem quia quod nisi soluta sapiente adipisci dolor. Rem qui neque qui voluptatem deserunt.', 4, '2019-08-11 01:40:40', '2019-08-11 01:40:40'),
(22, 44, 'Albin Pollich', 'Et iste voluptates dignissimos cupiditate at saepe. Qui reiciendis illum dolores ea esse magni. Ducimus ut ullam optio.', 2, '2019-08-11 01:40:40', '2019-08-11 01:40:40'),
(23, 11, 'Brigitte Witting', 'Error et qui vel explicabo illo consectetur. Velit non vero magni asperiores non blanditiis. Doloribus soluta repudiandae voluptates delectus sunt sunt veritatis.', 4, '2019-08-11 01:40:40', '2019-08-11 01:40:40'),
(24, 45, 'Ottilie Kilback', 'Illum voluptates placeat voluptatem totam ea omnis laboriosam. Iure exercitationem ducimus consequatur ut odio est. Molestiae similique alias laboriosam laudantium ea. Qui laborum voluptatem atque suscipit.', 3, '2019-08-11 01:40:40', '2019-08-11 01:40:40'),
(25, 12, 'Jabari Nienow III', 'A dolore rerum sequi provident corporis odit. Optio consequatur et sunt necessitatibus.', 2, '2019-08-11 01:40:40', '2019-08-11 01:40:40'),
(26, 8, 'Marquise Barton', 'Iste omnis sit rerum natus facilis nihil. Ipsam sit commodi repudiandae non et debitis occaecati voluptate. Autem autem magni officia quibusdam ea nisi. Commodi tempore ea dolorem nobis odit quae praesentium voluptatem.', 1, '2019-08-11 01:40:40', '2019-08-11 01:40:40'),
(27, 35, 'Kristoffer Feeney', 'Culpa odio vitae doloribus quis inventore. Voluptatem pariatur vero fuga perspiciatis. Dicta possimus dolore est veniam.', 2, '2019-08-11 01:40:40', '2019-08-11 01:40:40'),
(28, 4, 'Brandi Ortiz DDS', 'Sapiente voluptas nisi quas perspiciatis cumque sed consequatur. Ex eveniet sint alias natus delectus quod. Perspiciatis fugit quibusdam dignissimos vero et.', 1, '2019-08-11 01:40:40', '2019-08-11 01:40:40'),
(29, 32, 'Lyda Nader', 'Alias nesciunt ducimus vel blanditiis. Unde animi eligendi officiis vel ipsam accusamus. Et officiis voluptatem id autem quam exercitationem.', 2, '2019-08-11 01:40:40', '2019-08-11 01:40:40'),
(30, 46, 'Dr. Francis Conroy Jr.', 'Sint laboriosam nihil sint repudiandae accusantium omnis. Distinctio saepe deleniti eaque pariatur. Qui iure delectus culpa corporis. Autem in mollitia aut eos molestias quae.', 2, '2019-08-11 01:40:40', '2019-08-11 01:40:40'),
(31, 8, 'Prof. Harvey Willms', 'Quas voluptatem eum maxime. Ut alias necessitatibus quo autem architecto nemo dolorem. Vel natus quia dolore laboriosam.', 2, '2019-08-11 01:40:40', '2019-08-11 01:40:40'),
(32, 16, 'Montana Huel', 'Est repudiandae quasi est. Sed eos earum molestiae quia. Veritatis qui et odit consectetur fugit voluptates.', 4, '2019-08-11 01:40:40', '2019-08-11 01:40:40'),
(33, 47, 'Maximo Herman', 'Quisquam veniam vitae id possimus est provident et magni. Eum quibusdam sed cum quod magnam similique a. Delectus cum vero voluptates aut sunt itaque. Dolorem quaerat ea dolores sint ipsum. Architecto quia fuga porro delectus aspernatur aut.', 1, '2019-08-11 01:40:40', '2019-08-11 01:40:40'),
(34, 23, 'Wyman Skiles', 'Autem numquam quis enim nihil consectetur non alias. Perspiciatis et quidem mollitia quos cumque. Voluptas nulla quisquam ea. Fugit commodi aut consequatur occaecati.', 5, '2019-08-11 01:40:40', '2019-08-11 01:40:40'),
(35, 37, 'Keshaun McClure', 'Quaerat quam dolores voluptate nemo rem quia omnis hic. Atque officia non ad earum ratione. Qui numquam architecto facilis eos tenetur ipsum veritatis omnis. Blanditiis aliquid iure cupiditate.', 0, '2019-08-11 01:40:40', '2019-08-11 01:40:40'),
(36, 19, 'Michale Littel MD', 'A quia ex eos omnis distinctio et. Asperiores debitis totam facilis minima accusantium.', 1, '2019-08-11 01:40:41', '2019-08-11 01:40:41'),
(37, 7, 'Addison O\'Keefe', 'Distinctio animi molestiae dicta placeat quam. Ad perspiciatis et aut hic commodi incidunt laboriosam. Voluptatum dolorum temporibus sunt incidunt dicta officia. Ullam excepturi quibusdam impedit quam fugiat.', 1, '2019-08-11 01:40:41', '2019-08-11 01:40:41'),
(38, 49, 'Ms. Jana Gottlieb', 'Sint autem et libero voluptates minima culpa. Omnis expedita assumenda aut dolores enim saepe rerum. Pariatur aut nam laboriosam facere.', 1, '2019-08-11 01:40:41', '2019-08-11 01:40:41'),
(39, 50, 'Elyse Boyer', 'Aperiam culpa tempore inventore. Iure voluptates dolorem quisquam aliquam et modi. Ut et nulla est et rem.', 2, '2019-08-11 01:40:41', '2019-08-11 01:40:41'),
(40, 13, 'Elijah Zemlak DDS', 'Cumque aut sequi esse. Tenetur sit quidem velit sed deserunt maiores cumque. Qui voluptas error deserunt similique. Aspernatur fuga est aut non quaerat amet qui.', 0, '2019-08-11 01:40:41', '2019-08-11 01:40:41'),
(41, 38, 'Kaitlin Cremin', 'Explicabo architecto maiores cum culpa. Recusandae eius voluptate explicabo odit facere porro exercitationem. Aut eaque esse commodi dolorum et. Iure dolores adipisci rerum in expedita dicta.', 3, '2019-08-11 01:40:41', '2019-08-11 01:40:41'),
(42, 46, 'Cristobal Stanton', 'Hic eum iste aut laboriosam nemo voluptatem. Voluptatum autem rem esse et nostrum. Aut sed reiciendis optio earum officia repellat quos. Cumque iste similique dolores atque aut omnis.', 5, '2019-08-11 01:40:41', '2019-08-11 01:40:41'),
(43, 1, 'Ms. Theresa Ferry', 'In maxime omnis incidunt ipsa. Libero maiores iste ab enim et aliquid cupiditate. Ex dolor consequatur et. Eum dolor delectus aut recusandae debitis eos inventore.', 0, '2019-08-11 01:40:41', '2019-08-11 01:40:41'),
(44, 8, 'Cleve Ruecker', 'Ratione corporis eum sit. Placeat et voluptates expedita voluptas sit quasi suscipit. Iusto itaque adipisci aliquid ullam molestiae saepe aut.', 1, '2019-08-11 01:40:41', '2019-08-11 01:40:41'),
(45, 2, 'Mossie Lang', 'Saepe alias qui voluptas minus tempora. Dolor sapiente eveniet qui distinctio. Et placeat eos modi quisquam corporis quia. Ullam velit quae ex iusto sunt nam.', 4, '2019-08-11 01:40:41', '2019-08-11 01:40:41'),
(46, 41, 'Prof. Willy Schuppe DVM', 'Dicta quia illum fuga qui est in. Sint itaque blanditiis nisi. Est sequi dolorem veniam velit ducimus dolor aut.', 0, '2019-08-11 01:40:41', '2019-08-11 01:40:41'),
(47, 4, 'Ada Kuhic', 'Blanditiis et qui et et. Dignissimos sed ratione eaque nihil cum ut iure.', 0, '2019-08-11 01:40:41', '2019-08-11 01:40:41'),
(48, 43, 'Eric Reichel', 'Deleniti rerum et veniam recusandae et. Quidem molestiae eos eaque inventore rem eveniet. Ad rerum cupiditate tempore possimus.', 4, '2019-08-11 01:40:41', '2019-08-11 01:40:41'),
(49, 38, 'Mona Halvorson MD', 'Vel et harum occaecati. Earum est quo nesciunt aliquam sed ab maiores. Ut harum id quas sapiente eum.', 4, '2019-08-11 01:40:41', '2019-08-11 01:40:41'),
(50, 9, 'Mylene Bartoletti DVM', 'Fuga consequatur eaque inventore veniam laboriosam dolores. Voluptas qui laboriosam et et ab. Veritatis nemo cupiditate mollitia voluptatem.', 3, '2019-08-11 01:40:41', '2019-08-11 01:40:41'),
(51, 6, 'Mr. Darron Funk Sr.', 'Vitae cum recusandae ut quia aperiam. Ducimus nihil voluptatum nesciunt sapiente voluptates. Consequatur reprehenderit dolorum quia aspernatur commodi rem aperiam.', 5, '2019-08-11 01:40:41', '2019-08-11 01:40:41'),
(52, 23, 'Giovanna Tromp', 'Et esse voluptatem harum neque. Sed excepturi in temporibus cum rerum. Eligendi nihil qui consequatur.', 4, '2019-08-11 01:40:41', '2019-08-11 01:40:41'),
(53, 40, 'Dr. Lillian Schuppe III', 'Facilis magnam in perferendis alias. Sed vel similique blanditiis excepturi. Veniam dolores sunt magni fugit. Non nam est et nihil molestiae est perferendis.', 4, '2019-08-11 01:40:41', '2019-08-11 01:40:41'),
(54, 35, 'Chester Wiza', 'Iste dolorum quia minus. Libero nemo voluptates eos distinctio facere eius sequi laudantium. Vel quas molestias optio.', 2, '2019-08-11 01:40:41', '2019-08-11 01:40:41'),
(55, 34, 'Birdie Jones', 'Quia velit sit ipsum suscipit. Qui porro ipsam eius tenetur dolor expedita. Odio quaerat et neque et quasi suscipit asperiores.', 3, '2019-08-11 01:40:41', '2019-08-11 01:40:41'),
(56, 6, 'Prof. Karlee Spinka', 'Animi suscipit expedita consequatur debitis ex possimus tempore. Assumenda repellat consequatur quia dignissimos. Maxime modi ipsam hic est perspiciatis iste tempore. Recusandae aut nemo nulla voluptatem ut eaque accusantium.', 0, '2019-08-11 01:40:41', '2019-08-11 01:40:41'),
(57, 19, 'Alena Thompson', 'Qui provident veritatis rerum atque quaerat et repellat. Aperiam aspernatur similique quos eligendi fugit molestias. Eum est culpa dolore ad blanditiis. Ex consectetur minus consequatur reiciendis eligendi voluptatem.', 0, '2019-08-11 01:40:41', '2019-08-11 01:40:41'),
(58, 34, 'Prof. Sigrid Gleichner II', 'Qui vero amet totam. Maiores sed suscipit quo dolores. Vel mollitia provident dolor et neque dolore qui velit.', 1, '2019-08-11 01:40:41', '2019-08-11 01:40:41'),
(59, 3, 'Dr. Moises Prosacco MD', 'In ut ab voluptas rem placeat minima. Alias molestias doloribus vel a magnam et. Est blanditiis sed qui ea consequatur quia.', 5, '2019-08-11 01:40:41', '2019-08-11 01:40:41'),
(60, 17, 'Emmalee Jakubowski', 'Aut dolorum doloribus quod expedita sunt aut. Omnis saepe id itaque qui mollitia voluptas. Eum quia aliquam ullam rerum.', 0, '2019-08-11 01:40:41', '2019-08-11 01:40:41'),
(61, 1, 'Prof. Kurtis Brakus', 'Ut saepe sit molestiae dolor eum ut ut. Dolores eum enim dolore perferendis nihil aut dolorem natus. Vel voluptatum tempore voluptatem. Dolores quaerat ullam quae sequi architecto ut.', 5, '2019-08-11 01:40:41', '2019-08-11 01:40:41'),
(62, 12, 'Gabriel Jast', 'Et enim non magni quae voluptatem est necessitatibus. Ut eos laudantium nihil et voluptatibus.', 5, '2019-08-11 01:40:41', '2019-08-11 01:40:41'),
(63, 35, 'Dr. Gloria Abernathy', 'Blanditiis laboriosam doloremque temporibus qui provident iste dolores maiores. Magni quaerat vel voluptate voluptatem odio quaerat quisquam. Est rem quia qui.', 2, '2019-08-11 01:40:41', '2019-08-11 01:40:41'),
(64, 39, 'Prof. Holden Goyette Sr.', 'Quam deserunt error et ratione consectetur. Est consectetur ut dolorem. Tenetur modi itaque repudiandae quod vel quo id.', 5, '2019-08-11 01:40:41', '2019-08-11 01:40:41'),
(65, 38, 'Chelsey Fahey', 'Rerum eum voluptatem quia reiciendis quas animi. Adipisci magnam ex in eos veniam nostrum similique. Recusandae illum perspiciatis sint et.', 3, '2019-08-11 01:40:41', '2019-08-11 01:40:41'),
(66, 16, 'Jovani Lindgren', 'Nisi aut non et ut ipsum et soluta. Ipsum quae quasi explicabo rerum. Inventore necessitatibus ut consequuntur qui sed nam voluptatem blanditiis. Sit repellat expedita rerum ipsum autem quis numquam.', 1, '2019-08-11 01:40:41', '2019-08-11 01:40:41'),
(67, 21, 'Kelsie Ondricka', 'Quis aut veritatis nostrum facere harum. Porro mollitia possimus fugiat reiciendis iure non animi qui. Eum veritatis et aperiam pariatur voluptatem quidem qui. Amet nostrum tenetur sunt culpa. Magnam dolorem repudiandae dolores ipsam et enim.', 2, '2019-08-11 01:40:41', '2019-08-11 01:40:41'),
(68, 17, 'Miss Abigail Blick MD', 'Eum laborum sequi et incidunt eum beatae. Aut repudiandae voluptatum sed nam magni. Autem iusto voluptatem voluptatem similique earum et natus.', 3, '2019-08-11 01:40:41', '2019-08-11 01:40:41'),
(69, 15, 'Domenica Metz', 'Laborum dolor cupiditate ratione et accusantium cum nulla. Voluptatem earum dolor repellendus sit. Velit a doloribus est. Cum officiis sit necessitatibus ut id deleniti atque.', 2, '2019-08-11 01:40:41', '2019-08-11 01:40:41'),
(70, 37, 'Dr. Ahmad Steuber MD', 'At reprehenderit nulla ut exercitationem voluptatibus sequi praesentium. Sed laudantium impedit vitae veritatis aut cum. Explicabo vitae similique qui aut alias rerum. Sed eaque voluptates rerum culpa aspernatur laboriosam non.', 2, '2019-08-11 01:40:41', '2019-08-11 01:40:41'),
(71, 21, 'Elenor McCullough DVM', 'Est aut ea reprehenderit omnis sit. Tempore aut aut ut. Nihil veniam odit earum qui illum. Eaque quam delectus aut tenetur.', 2, '2019-08-11 01:40:42', '2019-08-11 01:40:42'),
(72, 18, 'Ms. Sincere Haag Jr.', 'Mollitia libero qui soluta aspernatur sunt ea sapiente consequatur. Aut ducimus ut et blanditiis. Nulla et eos consequatur laudantium neque omnis esse. Debitis voluptas aut ut quia tempora aspernatur et.', 3, '2019-08-11 01:40:42', '2019-08-11 01:40:42'),
(73, 19, 'Jada Wolff', 'Ea ut et velit et cupiditate non reprehenderit. Consectetur est sint placeat pariatur expedita iure. Dolor minima et sit amet atque quia voluptatem.', 5, '2019-08-11 01:40:42', '2019-08-11 01:40:42'),
(74, 2, 'Prof. Karson Kertzmann', 'Et earum ut molestiae sunt quae magni. Veritatis unde a aliquam. Repellat beatae aliquam qui. Veniam dolor mollitia consequatur.', 0, '2019-08-11 01:40:42', '2019-08-11 01:40:42'),
(75, 13, 'Dr. Houston Boyer Jr.', 'Corrupti occaecati culpa et veritatis ut officiis. Nihil repellendus non dolores aut iure a. Cum aut dicta ut deleniti aut hic. Modi et quis odio ipsum rerum culpa perspiciatis.', 2, '2019-08-11 01:40:42', '2019-08-11 01:40:42'),
(76, 4, 'Jayda Block', 'Quibusdam id ut blanditiis. Cumque distinctio dicta corrupti voluptas dolor. Omnis beatae sint reiciendis possimus. Est nemo quo pariatur voluptas porro. Consectetur nobis blanditiis occaecati esse delectus.', 5, '2019-08-11 01:40:42', '2019-08-11 01:40:42'),
(77, 44, 'Shea Mraz II', 'Deleniti commodi in natus at quos non facere. Rem voluptas ducimus ut perspiciatis ab illo qui inventore. Illum et consequatur ipsa quia.', 5, '2019-08-11 01:40:42', '2019-08-11 01:40:42'),
(78, 40, 'Estella Schneider', 'Quisquam qui corrupti omnis laborum illo minima. Voluptatem ex atque natus repellat. Voluptatem ullam ut architecto quas.', 1, '2019-08-11 01:40:42', '2019-08-11 01:40:42'),
(79, 50, 'Tracy Rempel PhD', 'Recusandae ipsa alias veniam. Iste sint hic et deserunt.', 2, '2019-08-11 01:40:42', '2019-08-11 01:40:42'),
(80, 49, 'Delfina Kiehn', 'Dolores minima nulla rerum. Ut omnis aspernatur dicta vel dolorem maxime quas. Reiciendis sint nesciunt et voluptas.', 2, '2019-08-11 01:40:42', '2019-08-11 01:40:42'),
(81, 39, 'Shawn Effertz', 'Explicabo voluptatem modi aut et. Repellendus dignissimos rerum inventore consequatur corporis sequi. Consequatur quis voluptatibus vel sit harum dolorem rem. Enim explicabo fuga unde et aut.', 2, '2019-08-11 01:40:42', '2019-08-11 01:40:42'),
(82, 19, 'Sheldon Kautzer', 'Odio reiciendis officia corrupti voluptas cum veritatis iusto. Molestiae nemo voluptatibus et rerum doloribus quae consequuntur sapiente.', 1, '2019-08-11 01:40:42', '2019-08-11 01:40:42'),
(83, 47, 'Ms. Aleen Beer DVM', 'Quas ut rem et voluptatem deserunt omnis nam. Delectus molestias dolorum provident voluptate quo labore. Sit voluptatem numquam et dolor et id. Eos voluptatibus sit magnam deserunt sit veniam eaque.', 1, '2019-08-11 01:40:42', '2019-08-11 01:40:42'),
(84, 3, 'Prof. Dolly Koelpin V', 'Id molestiae libero similique ipsam sunt. Nisi ut aliquam vel nesciunt commodi voluptatem non nemo.', 4, '2019-08-11 01:40:42', '2019-08-11 01:40:42'),
(85, 25, 'Madisyn Hoeger', 'Aut reprehenderit asperiores voluptas neque quam maxime. In blanditiis fuga eos ut aut est. Et et quisquam eos sed rerum doloremque enim ex. Dolorem qui occaecati reprehenderit animi reprehenderit aut.', 5, '2019-08-11 01:40:42', '2019-08-11 01:40:42'),
(86, 48, 'Mrs. Ora Gulgowski II', 'Eos enim ducimus omnis. Provident inventore ipsa possimus reiciendis vel. Alias sit odit cum maiores qui. Vitae dolores molestiae quidem sint itaque.', 3, '2019-08-11 01:40:42', '2019-08-11 01:40:42'),
(87, 8, 'Fatima Gerhold', 'Totam quos sed aut quos et. Non delectus quia cumque aliquam. Enim qui maxime praesentium laborum facere odit perspiciatis magni.', 1, '2019-08-11 01:40:42', '2019-08-11 01:40:42'),
(88, 39, 'Jolie Ankunding', 'Quae ipsam officiis facere unde. Quis aperiam quaerat earum eos reiciendis aperiam et sed. Tempora optio earum nam aut est nisi. Consectetur est tempora dicta.', 2, '2019-08-11 01:40:42', '2019-08-11 01:40:42'),
(89, 49, 'Prof. Nora White', 'Sunt aut voluptatum saepe eos. Quasi cumque quis ex est amet ea sed aut. Praesentium voluptatum voluptate reprehenderit explicabo earum. Ut ratione laborum ut autem assumenda assumenda ipsam.', 1, '2019-08-11 01:40:42', '2019-08-11 01:40:42'),
(90, 9, 'Prof. Jack Wiegand', 'Necessitatibus mollitia nihil vero dolorem sunt. Veniam nihil molestias enim amet laboriosam maiores qui. Reprehenderit et cumque provident commodi qui. Et et ut corrupti possimus molestiae vel aut et.', 1, '2019-08-11 01:40:42', '2019-08-11 01:40:42'),
(91, 30, 'June Jast DVM', 'Fuga ad voluptas distinctio sunt reprehenderit est delectus doloremque. Nihil consequatur in alias aut. Provident maxime unde consectetur. Occaecati et laboriosam voluptas commodi minima nam nobis.', 1, '2019-08-11 01:40:42', '2019-08-11 01:40:42'),
(92, 26, 'Yolanda Brown', 'Aut ut eum soluta vero ex. Et qui odit quibusdam aspernatur repudiandae voluptate voluptates.', 2, '2019-08-11 01:40:42', '2019-08-11 01:40:42'),
(93, 2, 'Dayna Hagenes', 'Ut libero molestiae dignissimos labore inventore totam aut. Eius iure quaerat qui iure quibusdam eos. At quisquam quia qui dolorum.', 3, '2019-08-11 01:40:42', '2019-08-11 01:40:42'),
(94, 37, 'Dr. Stephon D\'Amore', 'Similique commodi repellat dolores. Fugiat consequuntur aliquid quidem ratione est. Nostrum fuga libero voluptas dolorem aut qui. Similique id in tenetur ex consectetur sed libero.', 1, '2019-08-11 01:40:42', '2019-08-11 01:40:42'),
(95, 31, 'Lela Wilkinson', 'Nulla et voluptatem hic quasi cumque totam occaecati. Nostrum corrupti eveniet sit molestiae nihil similique. Itaque inventore cumque odio fugiat distinctio. Ut est voluptate laudantium quia aut.', 3, '2019-08-11 01:40:42', '2019-08-11 01:40:42'),
(96, 18, 'Urban Turcotte', 'Quis suscipit enim quia ea quia deserunt cum perspiciatis. Nemo aut dolorem necessitatibus iure magni esse fugit corporis. Est amet voluptatum et quia rem. Quas modi voluptatem nam aut consequatur laborum debitis.', 0, '2019-08-11 01:40:42', '2019-08-11 01:40:42'),
(97, 20, 'Daniela Sawayn', 'Quia accusantium enim sequi minima. Ratione praesentium qui deleniti suscipit quis et. Praesentium libero labore doloremque. Molestiae quidem excepturi et qui.', 4, '2019-08-11 01:40:42', '2019-08-11 01:40:42'),
(98, 43, 'Darren DuBuque', 'Ut voluptas beatae asperiores odio similique. Autem eveniet porro sint ipsa ea. Praesentium et dolores dolorem beatae sed officia corrupti. Cumque qui excepturi inventore repudiandae.', 3, '2019-08-11 01:40:42', '2019-08-11 01:40:42'),
(99, 2, 'Hallie Hayes', 'Corrupti voluptatem dolorum libero ullam placeat quo a. Est earum aliquam occaecati et ratione. Quod sed earum saepe ratione. Autem magni molestias dolor.', 1, '2019-08-11 01:40:42', '2019-08-11 01:40:42'),
(100, 35, 'Prof. Enoch Leannon', 'Nostrum explicabo distinctio rerum rerum dignissimos quia qui incidunt. Nulla temporibus et sit ullam eos et. Qui et omnis voluptatem voluptatem fuga. Architecto ad ullam sit maiores repudiandae dignissimos.', 0, '2019-08-11 01:40:42', '2019-08-11 01:40:42'),
(101, 20, 'Prof. Weston Lind', 'Necessitatibus animi hic alias aut ex. Blanditiis ut eaque qui adipisci rem. Ipsum sit itaque ut ut voluptatibus nobis reiciendis.', 3, '2019-08-11 01:40:42', '2019-08-11 01:40:42'),
(102, 37, 'Esperanza Rice Jr.', 'Praesentium ut numquam ducimus aut porro officiis. Possimus nam est nobis repudiandae ducimus consequuntur incidunt.', 4, '2019-08-11 01:40:42', '2019-08-11 01:40:42'),
(103, 26, 'Luz Stracke', 'Voluptatum iste similique aut aut qui ipsum. Id suscipit omnis adipisci necessitatibus nostrum voluptas. Quia quo occaecati reiciendis eveniet nemo explicabo provident id.', 0, '2019-08-11 01:40:42', '2019-08-11 01:40:42'),
(104, 23, 'Leone Murazik', 'Iusto ullam dignissimos omnis asperiores dolores quia. In deserunt fuga qui dignissimos est beatae enim. Non consectetur quis culpa dolor.', 0, '2019-08-11 01:40:42', '2019-08-11 01:40:42'),
(105, 41, 'Kailey Schoen', 'Aut incidunt labore perferendis aut inventore dolor. Est deleniti nostrum sapiente culpa sapiente eaque maxime. Dignissimos omnis itaque blanditiis magni illo ea ut perferendis.', 4, '2019-08-11 01:40:42', '2019-08-11 01:40:42'),
(106, 34, 'Jennie Schumm', 'Occaecati velit nesciunt qui consequatur. Eos et eos qui aliquid ut tempora. Ut saepe dolorem error veniam. Et vitae enim officia cupiditate nam sit ut eum.', 1, '2019-08-11 01:40:42', '2019-08-11 01:40:42'),
(107, 14, 'Nella Tillman', 'Voluptate blanditiis quis esse earum assumenda atque. Assumenda debitis et deserunt voluptatem quis sequi non. Cupiditate qui eveniet voluptatibus et.', 4, '2019-08-11 01:40:42', '2019-08-11 01:40:42'),
(108, 47, 'Flavio Hettinger', 'Delectus nihil eligendi vitae veniam tempora. Eveniet et eos magnam minima excepturi. Quas omnis et consequatur aut porro sed. Temporibus enim dolor a libero cum beatae.', 5, '2019-08-11 01:40:42', '2019-08-11 01:40:42'),
(109, 4, 'Norris Gleichner PhD', 'Dicta recusandae recusandae sed distinctio. Et veritatis officiis sapiente pariatur blanditiis. Mollitia eaque dolorum soluta sint velit eum. Debitis sit iste nobis facere et eos unde suscipit.', 2, '2019-08-11 01:40:43', '2019-08-11 01:40:43'),
(110, 44, 'Prof. Nicklaus McDermott Sr.', 'Voluptatem rem laboriosam nulla. Labore in veniam omnis sit. Rem nihil nostrum et alias optio a ut.', 2, '2019-08-11 01:40:43', '2019-08-11 01:40:43'),
(111, 9, 'Skyla Hettinger', 'Dolorem maxime ipsa provident eligendi repudiandae quibusdam. Atque unde tempore ut molestiae nobis sed. Repellendus fugit est repellat ut et rerum amet. Quia consequatur non qui exercitationem quisquam aut et.', 5, '2019-08-11 01:40:43', '2019-08-11 01:40:43'),
(112, 39, 'Samson Conroy', 'Sint minus omnis nulla pariatur aliquid ducimus vel. Temporibus aut alias temporibus omnis. Non totam ut eos atque. Alias et dolorum qui.', 0, '2019-08-11 01:40:43', '2019-08-11 01:40:43'),
(113, 25, 'Darrick Gerlach', 'Iusto omnis sed suscipit aut eveniet. Inventore omnis nostrum velit eum. Sit illum perferendis ea architecto consequatur exercitationem. Qui dolor sed non omnis. Fuga ea quia rerum iste deserunt.', 1, '2019-08-11 01:40:43', '2019-08-11 01:40:43'),
(114, 45, 'Sandrine Gutkowski DVM', 'Assumenda qui doloribus neque odio ipsa voluptatem qui voluptates. Cum hic repellat rerum explicabo qui. Quasi et quod velit tenetur.', 0, '2019-08-11 01:40:43', '2019-08-11 01:40:43'),
(115, 14, 'Jay Konopelski I', 'Amet odit asperiores voluptas dicta. Quod dignissimos sit vel sed itaque incidunt. Neque necessitatibus maiores hic cumque beatae.', 4, '2019-08-11 01:40:43', '2019-08-11 01:40:43'),
(116, 23, 'Daryl Jones', 'Dolorem vel quae ut. Amet quidem aliquid at quae in.', 1, '2019-08-11 01:40:43', '2019-08-11 01:40:43'),
(117, 25, 'Larue Konopelski', 'Aut labore quo facere at. Beatae iusto sapiente sapiente. Ducimus ut consequuntur nihil suscipit ad ut consequatur omnis.', 5, '2019-08-11 01:40:43', '2019-08-11 01:40:43'),
(118, 19, 'Prof. Ronaldo Bahringer II', 'Voluptas occaecati fugit fuga ratione voluptatum. Quasi animi laboriosam doloremque debitis. Voluptatem enim qui ea sit id sint.', 4, '2019-08-11 01:40:43', '2019-08-11 01:40:43'),
(119, 13, 'Jammie Altenwerth', 'Atque rem voluptatum officiis vero est et aut. Temporibus in deserunt non sit. Eum et harum dolor rerum architecto cupiditate autem. Dolor illo non earum rem quibusdam aut itaque. Aut voluptas maxime hic deserunt.', 1, '2019-08-11 01:40:43', '2019-08-11 01:40:43'),
(120, 20, 'Krista Windler III', 'Odio ea et facilis voluptas placeat. Velit quod quo consequuntur laboriosam officia et sed. Quam vel voluptatibus labore quidem et unde molestiae.', 4, '2019-08-11 01:40:43', '2019-08-11 01:40:43'),
(121, 35, 'Mrs. Josefina Wiza', 'Velit sed ipsum quo voluptatem id. Quaerat quia iusto natus et dolorem eligendi consequatur. Sit quia aperiam rerum ab doloremque aspernatur mollitia. Saepe suscipit quas provident id fugit velit iste sint.', 2, '2019-08-11 01:40:43', '2019-08-11 01:40:43'),
(122, 25, 'Miss Petra Lubowitz', 'Architecto quis aut accusantium voluptate dolorum corporis. Non ea consequatur et. Ea est et recusandae sint et similique.', 4, '2019-08-11 01:40:43', '2019-08-11 01:40:43'),
(123, 10, 'Newell Reynolds', 'Inventore qui rerum dolores. Facilis illo sunt fugit illum. Praesentium ipsa in sunt reiciendis.', 4, '2019-08-11 01:40:43', '2019-08-11 01:40:43'),
(124, 40, 'Mr. Timmy Waelchi', 'Quia perspiciatis soluta qui sunt occaecati. Et magnam odit repudiandae reiciendis. Rem voluptates blanditiis praesentium aliquid repellendus.', 5, '2019-08-11 01:40:43', '2019-08-11 01:40:43'),
(125, 27, 'Philip Pfannerstill I', 'Veritatis harum praesentium voluptate et eum. Voluptatum est est praesentium ad quidem dolor dolor. Tempore et sit possimus exercitationem exercitationem. Commodi rem rerum eveniet voluptatibus dolore.', 2, '2019-08-11 01:40:43', '2019-08-11 01:40:43'),
(126, 22, 'Rodolfo Hermiston', 'Quas molestiae blanditiis non sit aspernatur eos dolorem. Voluptatem est voluptatum numquam numquam. Omnis asperiores laborum sed tempora eveniet eum deserunt. Aspernatur tempore qui aliquid.', 1, '2019-08-11 01:40:43', '2019-08-11 01:40:43'),
(127, 23, 'Dr. Price Quitzon I', 'Cumque odio repellat quia corrupti error expedita quis non. Ut aut et consequatur non.', 2, '2019-08-11 01:40:43', '2019-08-11 01:40:43'),
(128, 26, 'Erin Crist', 'Quasi hic illo molestias voluptas quas. Quas eos vero modi repudiandae. Cum facilis et eum molestias beatae tempore.', 2, '2019-08-11 01:40:43', '2019-08-11 01:40:43'),
(129, 12, 'Mr. Danny Russel', 'Voluptates debitis aliquid sit qui maxime et aut. Deserunt illo debitis similique facere debitis molestiae. Repellat non sed sit itaque porro cumque et natus. Sint quis est sint.', 0, '2019-08-11 01:40:43', '2019-08-11 01:40:43'),
(130, 25, 'Jayde Runolfsson', 'Ut temporibus quidem temporibus ullam accusantium amet sint. Totam architecto ducimus suscipit dolores alias accusamus.', 2, '2019-08-11 01:40:43', '2019-08-11 01:40:43'),
(131, 27, 'Dr. Sheridan Lakin Jr.', 'Occaecati qui temporibus officia molestiae. Sint ut quia harum rerum maiores. Ut aut ut est cumque tempora voluptas itaque. Asperiores eum consequatur unde nihil sit ipsum quam.', 5, '2019-08-11 01:40:43', '2019-08-11 01:40:43'),
(132, 44, 'Reyna Murazik DVM', 'Quia ad consequatur sint magnam provident porro unde. Et placeat voluptas vitae iure consequatur. Qui aut veritatis culpa eveniet nisi.', 4, '2019-08-11 01:40:43', '2019-08-11 01:40:43'),
(133, 46, 'Hortense Terry', 'Assumenda soluta sit id ut voluptate perspiciatis. Inventore nulla facere quod sunt voluptatem dolore.', 4, '2019-08-11 01:40:43', '2019-08-11 01:40:43'),
(134, 9, 'Elisa Senger', 'Deleniti iusto culpa dignissimos et perferendis voluptatibus nihil. Explicabo sunt in iure earum. Eum aliquam in commodi.', 3, '2019-08-11 01:40:43', '2019-08-11 01:40:43'),
(135, 10, 'Phoebe White', 'Ut architecto quas dolor nisi consequatur. Officiis ut sunt occaecati modi. Quia ex sed sed hic.', 0, '2019-08-11 01:40:43', '2019-08-11 01:40:43'),
(136, 15, 'Mrs. Lynn Herman', 'Sit consequatur pariatur quo officiis autem eaque. Dolor quo aut velit voluptatem eveniet nulla. Ea sint quo consequuntur cum quos voluptatem. Asperiores molestias officiis enim.', 2, '2019-08-11 01:40:43', '2019-08-11 01:40:43'),
(137, 22, 'Orlando Boyer', 'Et dignissimos quo nihil nemo. Ea mollitia vel quas voluptas. Ut reprehenderit ullam non quae.', 3, '2019-08-11 01:40:43', '2019-08-11 01:40:43'),
(138, 40, 'Johnny Sporer', 'Eum dolores aperiam eligendi aut. Velit dolorem beatae incidunt ea molestias. Voluptatem porro in eum minima ratione. Laudantium natus sit adipisci veritatis occaecati.', 1, '2019-08-11 01:40:43', '2019-08-11 01:40:43'),
(139, 10, 'Ms. Lorena Schmeler', 'Mollitia natus non mollitia consectetur quo laudantium aliquam. Est ut et eligendi similique aliquam. Commodi nesciunt qui voluptate voluptas.', 3, '2019-08-11 01:40:43', '2019-08-11 01:40:43'),
(140, 35, 'Kendrick Parisian', 'Aspernatur veniam earum veniam earum fugiat. Et excepturi doloribus occaecati. Enim totam voluptatem voluptate rem. Soluta consequatur eum sed hic non.', 4, '2019-08-11 01:40:43', '2019-08-11 01:40:43'),
(141, 3, 'Dr. Lavon Lubowitz', 'Non porro et est est est. Labore dolor libero culpa blanditiis ullam quos. Iure ullam ut laudantium aut incidunt sunt. Voluptatem maxime ex qui molestiae repellat. Laudantium ut sed omnis id ullam.', 0, '2019-08-11 01:40:43', '2019-08-11 01:40:43'),
(142, 35, 'Rosario Ward', 'Est minima repellendus deleniti sed. Eos molestiae veritatis suscipit numquam. Enim quam et provident qui repudiandae ab voluptatem.', 1, '2019-08-11 01:40:43', '2019-08-11 01:40:43'),
(143, 2, 'Prof. Kayla Walter PhD', 'Necessitatibus porro eveniet exercitationem omnis. Deserunt soluta aliquam nisi dolorem ab. Sint pariatur eos explicabo aperiam officiis animi aliquid ut.', 5, '2019-08-11 01:40:43', '2019-08-11 01:40:43'),
(144, 32, 'Eloisa Wuckert V', 'Impedit voluptatem non rerum. Dignissimos aliquam nostrum adipisci dolorum.', 5, '2019-08-11 01:40:43', '2019-08-11 01:40:43'),
(145, 43, 'Prof. Andy Hammes V', 'Voluptatum excepturi cupiditate beatae cupiditate error. Rerum debitis tempora alias velit beatae error ab. Consequatur consequuntur ut ratione. Eum aliquid id ut et non inventore repellendus soluta. Et voluptas ad asperiores qui et.', 5, '2019-08-11 01:40:44', '2019-08-11 01:40:44'),
(146, 40, 'Lamar Dicki I', 'Laudantium quia vitae officiis dolorem possimus occaecati. Et alias in et sint et.', 2, '2019-08-11 01:40:44', '2019-08-11 01:40:44'),
(147, 48, 'Jayson Schuster', 'Porro incidunt corporis sapiente qui quis corporis atque. Corporis inventore voluptatum asperiores molestiae ex. Maxime voluptas nam mollitia sunt corporis. Itaque voluptatem error aliquam error officiis voluptate.', 4, '2019-08-11 01:40:44', '2019-08-11 01:40:44'),
(148, 32, 'Miss Kylee McKenzie Jr.', 'Ex veniam occaecati dolores porro. Optio sunt veniam delectus repudiandae vel. Et quidem nisi voluptas eius. Est veritatis quibusdam repellat omnis et ut. Eius quam eveniet vero commodi enim aliquam exercitationem facere.', 1, '2019-08-11 01:40:44', '2019-08-11 01:40:44'),
(149, 21, 'Prof. Jasen Pollich Sr.', 'Est blanditiis rerum sed temporibus dolore sed. Enim corrupti ducimus enim accusantium dolorem dolorem perferendis. Vitae occaecati in quis molestias rerum officiis doloremque. Voluptas qui corporis nihil quia qui velit distinctio.', 1, '2019-08-11 01:40:44', '2019-08-11 01:40:44'),
(150, 18, 'Ms. Meagan Lynch Jr.', 'Distinctio nisi quia autem magnam est assumenda sit. Nihil qui sed vel et non. Laborum aut aliquid sed error in. Ducimus repudiandae et aut ex voluptas.', 4, '2019-08-11 01:40:44', '2019-08-11 01:40:44'),
(151, 25, 'Sunny Hermiston', 'Incidunt quod ratione suscipit facere corrupti. Sint suscipit quis provident voluptatibus. Nobis dolorem a autem repudiandae veritatis deleniti nobis.', 3, '2019-08-11 01:40:44', '2019-08-11 01:40:44'),
(152, 43, 'Sylvan Bashirian', 'Aut autem recusandae tempora doloremque maxime dolor eveniet. Atque provident aut saepe sed. Eum aliquam aut ratione maiores. Perspiciatis reiciendis atque vero labore. Aut est fuga tempore qui illum quis nam.', 4, '2019-08-11 01:40:44', '2019-08-11 01:40:44'),
(153, 49, 'Earnest Fritsch', 'Eligendi expedita labore dolorem officia. Officiis et provident laboriosam rerum eos. Voluptatem voluptas aut neque unde hic velit. Quia sed aut dolores aut.', 4, '2019-08-11 01:40:44', '2019-08-11 01:40:44'),
(154, 48, 'Kane Keebler', 'Error omnis et sed est atque. Consequatur sequi animi eum. Soluta culpa nobis quasi distinctio autem. Dolores sit et accusamus facere harum. Quas deserunt quod cumque dolor vitae porro sed.', 4, '2019-08-11 01:40:44', '2019-08-11 01:40:44'),
(155, 23, 'Ernestine Johnson', 'Reprehenderit et recusandae unde. Eos vitae minus eos. Quia et unde nulla non ut. Doloremque possimus repellendus quia praesentium.', 0, '2019-08-11 01:40:44', '2019-08-11 01:40:44'),
(156, 31, 'Ayana Windler', 'Et rerum fugit nostrum fuga nisi ut iusto veniam. Et maxime quidem et unde earum. Nisi asperiores voluptatum et atque. Sapiente unde nobis voluptas pariatur aut incidunt incidunt.', 1, '2019-08-11 01:40:44', '2019-08-11 01:40:44'),
(157, 29, 'Kyle Collier', 'Vel fuga dolor repellendus accusantium. Vitae est id mollitia iste. Ipsum omnis molestiae et repudiandae distinctio praesentium.', 4, '2019-08-11 01:40:44', '2019-08-11 01:40:44'),
(158, 10, 'Daniella Bartoletti', 'Reprehenderit dolorum dolorem vel officiis. Quibusdam saepe et fuga provident et voluptatem sit. Dolore et rerum rerum fugit nobis. Reprehenderit molestiae qui minima reiciendis quidem tempore vero.', 4, '2019-08-11 01:40:44', '2019-08-11 01:40:44'),
(159, 12, 'Magali Spencer V', 'Consequatur nam sed explicabo dicta omnis. Rerum esse magnam aut voluptas in a.', 2, '2019-08-11 01:40:44', '2019-08-11 01:40:44'),
(160, 23, 'Kavon Abbott', 'Rerum voluptatem non molestias quidem tempore eligendi corporis. Et molestiae velit velit et. Aut culpa accusamus consequatur. Unde repellat voluptatem incidunt voluptas magnam magnam.', 5, '2019-08-11 01:40:44', '2019-08-11 01:40:44'),
(161, 46, 'Robyn Schaefer', 'Repudiandae vel sunt ea rem animi. Architecto praesentium voluptas in qui fugit nam sint. Dolor velit molestiae inventore quis est consequatur debitis. Animi est placeat aut aut culpa deserunt.', 3, '2019-08-11 01:40:44', '2019-08-11 01:40:44'),
(162, 15, 'Prof. Lupe Wintheiser', 'Hic quam nemo illo cum ut aperiam. Accusamus ullam incidunt quo aut ullam aut. Alias culpa iste minus impedit quia. Natus explicabo et in corrupti omnis.', 3, '2019-08-11 01:40:44', '2019-08-11 01:40:44'),
(163, 42, 'Austin Krajcik DDS', 'Et hic sunt occaecati labore aut fugit quos. Repudiandae vero voluptatem quod sequi voluptatem. Nemo totam velit aspernatur perferendis nihil. Molestias dolor id illo incidunt quod ipsam.', 2, '2019-08-11 01:40:44', '2019-08-11 01:40:44'),
(164, 41, 'Dr. Simeon Farrell IV', 'At aut quibusdam sed ipsa ut. Commodi eum odio tempora inventore. Aperiam accusantium nemo maxime possimus quibusdam itaque possimus.', 0, '2019-08-11 01:40:44', '2019-08-11 01:40:44'),
(165, 3, 'Cielo Rempel Sr.', 'Sequi ad asperiores laudantium qui qui aut. Quam quia voluptates dolor consectetur. Rerum aut non quam.', 3, '2019-08-11 01:40:44', '2019-08-11 01:40:44'),
(166, 27, 'Frank Jerde', 'Voluptatum nostrum et voluptas dignissimos non. Omnis natus consequatur inventore. Voluptatem adipisci necessitatibus velit magni voluptas et.', 0, '2019-08-11 01:40:44', '2019-08-11 01:40:44'),
(167, 30, 'Golden Kreiger', 'Alias doloremque fugit quia voluptas. Enim veniam veniam laborum ut. Deserunt autem qui ea aut nulla doloremque. Voluptatem aut vel dolorem illum aliquid.', 2, '2019-08-11 01:40:44', '2019-08-11 01:40:44'),
(168, 44, 'Davion Paucek', 'Et sed harum aut sequi. Odit cum cum quaerat recusandae.', 0, '2019-08-11 01:40:44', '2019-08-11 01:40:44'),
(169, 42, 'Ryan Moore', 'Eum labore dolor dolorem omnis quia ab explicabo. Vel unde est reiciendis. Totam ea sit expedita sequi illum placeat.', 2, '2019-08-11 01:40:44', '2019-08-11 01:40:44'),
(170, 38, 'Edythe Crona', 'Quis rerum et vel nulla est ducimus. Reprehenderit labore nobis eos non ducimus sed. Corrupti repudiandae voluptatem et quaerat est dolor.', 3, '2019-08-11 01:40:44', '2019-08-11 01:40:44'),
(171, 28, 'Jena Cummerata PhD', 'Quas labore vitae voluptas sint. Ducimus sunt quis quasi harum ut aperiam. Voluptate porro rerum facilis consectetur doloribus et aut. Quae similique quibusdam ducimus et molestiae accusantium fugit.', 0, '2019-08-11 01:40:44', '2019-08-11 01:40:44'),
(172, 19, 'Emory Schuppe', 'Eum repellat consectetur voluptatem amet. Sed facere provident aut rerum sit nihil quo dignissimos. Dignissimos eos quia saepe ut consequatur expedita. Quo atque aut consequatur perspiciatis ea enim vero.', 1, '2019-08-11 01:40:44', '2019-08-11 01:40:44'),
(173, 33, 'Savanna Hessel', 'Beatae voluptatibus minima facere autem perferendis et. Reiciendis odio sequi rerum consequatur neque praesentium voluptas amet. Sunt ducimus molestiae ratione voluptatem et ut eum.', 4, '2019-08-11 01:40:44', '2019-08-11 01:40:44'),
(174, 31, 'Nova Halvorson', 'Cumque est est qui assumenda facere. Explicabo est nulla eos consequuntur optio. Debitis eius quis quia dicta. Rerum tempora aut velit quibusdam voluptatibus alias ut.', 3, '2019-08-11 01:40:44', '2019-08-11 01:40:44'),
(175, 37, 'Kurtis Schamberger', 'Voluptatem quod ipsa mollitia odio. Dolorum accusantium explicabo qui dolorum rerum officiis et. Eveniet adipisci alias ut numquam repudiandae.', 5, '2019-08-11 01:40:44', '2019-08-11 01:40:44'),
(176, 40, 'Jody Cremin V', 'Nemo eos laborum ab minima veniam autem ad voluptatem. Placeat qui et quia eos.', 3, '2019-08-11 01:40:44', '2019-08-11 01:40:44'),
(177, 4, 'Carroll Sawayn', 'Perferendis voluptatibus fugit corporis inventore sit dolores ad. Ut pariatur aut impedit neque et. Vel accusantium aut sapiente natus consequatur in omnis. Voluptatum dolor alias officiis voluptates nam natus. Nihil quo dolores voluptatibus vero.', 3, '2019-08-11 01:40:44', '2019-08-11 01:40:44'),
(178, 47, 'Oceane Anderson', 'Sit qui ratione voluptatibus non. Nesciunt temporibus qui est repellendus. Possimus et exercitationem earum qui voluptas.', 3, '2019-08-11 01:40:44', '2019-08-11 01:40:44'),
(179, 34, 'Aiden Nikolaus', 'Voluptatem sapiente unde ut deserunt. Sed architecto dolor enim et ullam. Laborum aut voluptate est quo dicta non. Voluptatum asperiores eum iste numquam quia deleniti non.', 0, '2019-08-11 01:40:44', '2019-08-11 01:40:44'),
(180, 18, 'Carlee Mitchell', 'Cum nemo aut eveniet esse quia voluptatum. Rerum aut deserunt exercitationem voluptatem ex tempore. Velit impedit consequatur dolor est molestiae. Consequatur sed dignissimos rerum id est sunt veniam.', 4, '2019-08-11 01:40:44', '2019-08-11 01:40:44'),
(181, 24, 'Dr. Ceasar Rau PhD', 'Ut doloremque iusto hic iste et beatae quia. Aperiam suscipit fuga est architecto ad asperiores. Porro quaerat nam ratione est quidem voluptatem possimus.', 4, '2019-08-11 01:40:44', '2019-08-11 01:40:44'),
(182, 9, 'Mr. Dusty Smith DVM', 'Deleniti est porro dolores qui. Maxime sit soluta sint. Inventore tempora placeat fuga est facere. Omnis quaerat fugit sed ut et.', 0, '2019-08-11 01:40:44', '2019-08-11 01:40:44'),
(183, 28, 'Mrs. Fatima Bechtelar IV', 'Cum odio ipsum eum similique hic. Aut deleniti molestiae qui nostrum eaque excepturi debitis. Eos dolorem et voluptatibus fuga minima.', 5, '2019-08-11 01:40:44', '2019-08-11 01:40:44'),
(184, 21, 'Kiana Schultz', 'Repellendus animi aut commodi nisi provident. Tempora sint quibusdam iure qui consequatur. Ullam voluptatem hic ad ullam ut non recusandae. Aut quia at id enim eligendi fugit doloremque.', 2, '2019-08-11 01:40:45', '2019-08-11 01:40:45'),
(185, 20, 'Timmothy Weber', 'Voluptatem ullam rerum enim non. Iure commodi veniam debitis dolores necessitatibus deserunt ipsa sed. Voluptatem et natus omnis sit ipsum numquam quos. Est totam id vero ab dolorem. Provident beatae autem facere eveniet.', 1, '2019-08-11 01:40:45', '2019-08-11 01:40:45'),
(186, 10, 'Fletcher Boyer', 'Delectus minima molestias alias rem dolore odio. Labore quo ut recusandae cum. A suscipit soluta cumque ut. Qui consequuntur mollitia et omnis.', 3, '2019-08-11 01:40:45', '2019-08-11 01:40:45'),
(187, 7, 'Mr. Jayden Sanford IV', 'Doloribus molestiae a voluptatem odit ut. Sint commodi nihil ut velit.', 5, '2019-08-11 01:40:45', '2019-08-11 01:40:45'),
(188, 26, 'Rachael Jakubowski Sr.', 'Est consequatur et perspiciatis recusandae. Est quia repudiandae itaque. Eaque ipsa est quia labore molestiae. Cumque perspiciatis officiis numquam accusantium.', 0, '2019-08-11 01:40:45', '2019-08-11 01:40:45'),
(189, 19, 'Haven Stroman', 'Dolorem earum velit nobis voluptas aut quia rem. Et hic provident ducimus non suscipit incidunt nam. Qui hic nobis laborum nobis odit dicta nisi.', 2, '2019-08-11 01:40:45', '2019-08-11 01:40:45'),
(190, 9, 'Torey Crona I', 'Delectus et quae aliquid neque quo eos est. Ea est quo voluptatem facilis officiis. Et quam debitis libero repudiandae eaque. Veniam repellendus sequi et consequatur velit distinctio.', 5, '2019-08-11 01:40:45', '2019-08-11 01:40:45'),
(191, 24, 'Mary Osinski', 'Tempora at voluptatibus ut et quia nemo sed. Sint odio itaque est dolor labore. Non nemo distinctio molestiae repudiandae nulla perspiciatis culpa. Maiores sed itaque aut et dolorem iste.', 2, '2019-08-11 01:40:45', '2019-08-11 01:40:45'),
(192, 25, 'Prof. Daren Hoppe', 'Magnam qui voluptates quaerat suscipit. Laborum asperiores rem hic. Deserunt labore quod ex aliquam. Facilis culpa sit neque ullam.', 4, '2019-08-11 01:40:45', '2019-08-11 01:40:45'),
(193, 36, 'Blanca Nader Jr.', 'Suscipit corporis voluptatem omnis eveniet est. Voluptatem aut voluptatem quidem aliquam sint. Quo molestias consequuntur ratione impedit.', 2, '2019-08-11 01:40:45', '2019-08-11 01:40:45'),
(194, 38, 'Alexandra Cummings', 'Sequi molestiae quia earum atque voluptate quod quo. Atque et vero quibusdam asperiores distinctio est quisquam quis. Consectetur qui illum hic aliquam. Aliquid quia quis voluptate.', 3, '2019-08-11 01:40:45', '2019-08-11 01:40:45'),
(195, 43, 'Prof. Kristopher Emmerich Jr.', 'Earum ad molestiae commodi quis. Aut in asperiores quaerat et voluptas facilis necessitatibus.', 0, '2019-08-11 01:40:45', '2019-08-11 01:40:45'),
(196, 1, 'Miss Mertie Waters', 'Quis nihil et ab corporis ad mollitia. Vero aspernatur sapiente quidem nostrum ullam omnis. Facilis quia enim quia eum error. Maiores aperiam non natus quia ipsa est incidunt.', 4, '2019-08-11 01:40:45', '2019-08-11 01:40:45'),
(197, 19, 'Kaia Crooks V', 'Rerum numquam quaerat voluptatem dicta. Consequatur culpa esse reiciendis quidem qui pariatur. Doloremque optio minima nisi tempore et architecto in. Quam aut vel ipsam iste.', 2, '2019-08-11 01:40:45', '2019-08-11 01:40:45'),
(198, 44, 'Miss Vernice Eichmann', 'Deserunt sed vitae velit. Ut et minima nemo. Sit nesciunt in harum tempora illo voluptatibus ab. Sit molestiae architecto ab aspernatur.', 1, '2019-08-11 01:40:45', '2019-08-11 01:40:45'),
(199, 5, 'Candace Boyle', 'Asperiores recusandae consequatur blanditiis dolor debitis est nam nemo. A eum aut deserunt ut. Est libero iure ut nihil fugiat.', 0, '2019-08-11 01:40:45', '2019-08-11 01:40:45'),
(200, 5, 'Nasir Jaskolski', 'Autem dolore autem rerum sed. Nam eum tenetur debitis fugit. Et quis aut est sunt provident maxime. Reprehenderit voluptas commodi consequatur nemo quod ratione facilis.', 0, '2019-08-11 01:40:45', '2019-08-11 01:40:45'),
(201, 11, 'Mr. Houston Doyle', 'Ipsa asperiores molestiae dolores voluptatem vitae. Omnis omnis quisquam est. Numquam deleniti esse nisi et aut asperiores. Et rerum voluptatem et error odit quisquam.', 3, '2019-08-11 01:40:45', '2019-08-11 01:40:45'),
(202, 4, 'Miss Vernie Rath', 'Sunt quae et qui at ipsa. Ut itaque quia quia in cum. Nihil est et qui quis ducimus.', 2, '2019-08-11 01:40:45', '2019-08-11 01:40:45'),
(203, 9, 'Christine Bartoletti', 'Qui autem exercitationem magni et. Dicta occaecati quod consequatur et accusantium quos. Quo velit magni consequatur quia optio qui necessitatibus.', 0, '2019-08-11 01:40:45', '2019-08-11 01:40:45'),
(204, 42, 'Prof. Jeanie Lemke', 'Similique inventore eveniet aut ut. Ea molestiae nam aut ut in quo. Quam in commodi velit quia cumque a corporis.', 4, '2019-08-11 01:40:45', '2019-08-11 01:40:45'),
(205, 20, 'Josefina Haley', 'Est impedit et est dolorem aut sint consequatur. Veniam eligendi illo aut hic ut quod expedita et.', 3, '2019-08-11 01:40:45', '2019-08-11 01:40:45'),
(206, 22, 'Prof. Wyatt Rice', 'Debitis sed odit vero sed nobis officia voluptatem perferendis. Enim autem adipisci enim et itaque animi. Vitae aspernatur dolorum ut dolorem non recusandae. Quisquam tempora tempore perferendis laboriosam et. Aut omnis dolor vitae unde.', 5, '2019-08-11 01:40:45', '2019-08-11 01:40:45'),
(207, 4, 'Chet Okuneva', 'Praesentium autem sapiente fugit asperiores. Quasi est fugiat sed nulla. Possimus sit laudantium consequatur vel tempora sit totam omnis.', 4, '2019-08-11 01:40:45', '2019-08-11 01:40:45'),
(208, 10, 'Christian Windler', 'Libero quaerat et minus expedita accusamus. Reprehenderit corporis porro nostrum et voluptates officiis rerum. Velit repudiandae deserunt nihil velit sit omnis vero qui. Dolorem nisi ut omnis.', 0, '2019-08-11 01:40:45', '2019-08-11 01:40:45'),
(209, 5, 'Julio Leuschke', 'Possimus tempore omnis unde sint possimus vel dolorum omnis. Incidunt accusamus possimus nihil fugiat tempore illum. Et sequi cupiditate nemo.', 2, '2019-08-11 01:40:45', '2019-08-11 01:40:45'),
(210, 2, 'Cecile Muller', 'Ut beatae ipsam deserunt et odio eveniet. Veniam doloribus modi delectus nam est sed. Autem sit voluptas officiis aliquam eum. Ipsa vero quae dolorem animi enim autem.', 4, '2019-08-11 01:40:45', '2019-08-11 01:40:45'),
(211, 41, 'Demarco Block', 'Eos provident quidem et alias. Error sint et voluptatem libero nihil. Cumque explicabo id delectus voluptates sapiente dolore doloribus.', 5, '2019-08-11 01:40:45', '2019-08-11 01:40:45'),
(212, 33, 'Ms. Myrna Hodkiewicz', 'Voluptatem facilis consequatur tempore necessitatibus facilis illum. Ratione eius officia voluptatibus ut. Dignissimos totam enim voluptatem et sit consectetur iste deleniti. Sed reiciendis aut explicabo fuga alias molestias. Aliquam excepturi corporis consectetur voluptatibus.', 1, '2019-08-11 01:40:45', '2019-08-11 01:40:45');
INSERT INTO `reviews` (`id`, `product_id`, `customer`, `review`, `star`, `created_at`, `updated_at`) VALUES
(213, 35, 'Prof. Gordon Larson III', 'Et ea rerum est doloribus qui sunt beatae. Accusamus error ea alias earum aperiam occaecati. Quasi veniam laudantium impedit hic qui recusandae.', 0, '2019-08-11 01:40:45', '2019-08-11 01:40:45'),
(214, 40, 'Mr. Giuseppe Wisoky I', 'Rerum pariatur et distinctio consequatur placeat ratione iure. Non quia ut quaerat expedita. Nulla vero maiores et placeat. Iusto totam eos est facere quia. Magni incidunt eum ipsa et aut et repudiandae.', 3, '2019-08-11 01:40:46', '2019-08-11 01:40:46'),
(215, 2, 'Ms. Viviane Baumbach Jr.', 'Veritatis et consequatur explicabo blanditiis quod quas quibusdam. Vel ut esse recusandae.', 1, '2019-08-11 01:40:46', '2019-08-11 01:40:46'),
(216, 29, 'Ernestine Schuster', 'Id autem assumenda beatae eaque magnam. Impedit consequatur officia est. Quod occaecati esse omnis sit quia. Molestias illum consequuntur velit assumenda.', 0, '2019-08-11 01:40:46', '2019-08-11 01:40:46'),
(217, 24, 'Jaclyn Frami', 'Laboriosam nemo incidunt perspiciatis dicta porro possimus. Rerum pariatur aspernatur totam. Ut odit est eum ab id.', 2, '2019-08-11 01:40:46', '2019-08-11 01:40:46'),
(218, 11, 'Keeley Kris I', 'Atque qui fugiat reprehenderit et. Quae magnam ratione officiis sed officiis quo. Nulla voluptatum tempore ad assumenda sunt. Minus dicta dicta non aspernatur et harum. Autem temporibus quidem laborum natus nisi repudiandae corrupti nihil.', 0, '2019-08-11 01:40:46', '2019-08-11 01:40:46'),
(219, 1, 'Helmer Price', 'Voluptate harum omnis optio a maxime temporibus illum. Explicabo molestias pariatur asperiores est et totam. Facilis tempora porro ducimus explicabo. Quidem et aspernatur voluptatem recusandae cupiditate.', 0, '2019-08-11 01:40:46', '2019-08-11 01:40:46'),
(220, 21, 'Jaren Kautzer I', 'Dolorum exercitationem reiciendis qui. Culpa expedita perspiciatis id. Consequatur officia non dolorem et atque nesciunt adipisci.', 5, '2019-08-11 01:40:46', '2019-08-11 01:40:46'),
(221, 18, 'Lilyan Kiehn', 'Provident sint ut nihil beatae dolore quas iusto. Maxime dicta molestias nemo error facere. Rerum veritatis est in pariatur qui. Harum consequuntur natus corporis fugit exercitationem a rerum.', 1, '2019-08-11 01:40:46', '2019-08-11 01:40:46'),
(222, 42, 'Wilma Nolan I', 'Quis veniam ut laudantium expedita neque. Explicabo explicabo distinctio eligendi qui aut. Sapiente voluptas molestiae eum illum et omnis odio. Deleniti expedita laboriosam totam.', 4, '2019-08-11 01:40:46', '2019-08-11 01:40:46'),
(223, 46, 'Moises Bergstrom V', 'Porro dolor ut voluptate quas aut. Est velit totam ut deserunt. Nisi quaerat cumque consequuntur nisi. Consequatur eius et voluptates deserunt. Aspernatur aut id aspernatur.', 1, '2019-08-11 01:40:46', '2019-08-11 01:40:46'),
(224, 12, 'Demond Casper', 'Quia fugiat laboriosam laboriosam velit autem eaque alias. Porro maxime est atque vitae ipsam aut. Velit libero omnis voluptate impedit consequuntur illo unde.', 0, '2019-08-11 01:40:46', '2019-08-11 01:40:46'),
(225, 42, 'Marjolaine Howell', 'Quae saepe ab natus explicabo a. Corporis magnam hic blanditiis. Aut excepturi voluptatem accusantium animi.', 4, '2019-08-11 01:40:46', '2019-08-11 01:40:46'),
(226, 23, 'Ms. Delores Predovic III', 'Vero quia doloremque dolore ut qui distinctio. Molestiae non eaque aliquid omnis qui illum. Quibusdam laudantium veritatis exercitationem ut voluptatum nam fugiat.', 3, '2019-08-11 01:40:46', '2019-08-11 01:40:46'),
(227, 11, 'Angie Jerde', 'Odit illo laboriosam optio quaerat quia aut. Quidem maxime deserunt adipisci ipsam. Aut dolor officiis excepturi possimus dolorem dolores inventore.', 1, '2019-08-11 01:40:46', '2019-08-11 01:40:46'),
(228, 10, 'Haley Hauck', 'Distinctio minus recusandae ex sequi quia. Minima illo nam error beatae non est. Quis ea necessitatibus perferendis consectetur.', 4, '2019-08-11 01:40:46', '2019-08-11 01:40:46'),
(229, 35, 'Kiel Koss', 'Magni quas quia quia exercitationem nihil corrupti. Et debitis numquam quibusdam vel omnis. In explicabo illo ad voluptates aliquid nesciunt tenetur.', 2, '2019-08-11 01:40:46', '2019-08-11 01:40:46'),
(230, 45, 'Cameron Bogisich', 'Itaque magni quis optio facilis accusamus rerum. Rerum eius sunt harum voluptatibus. Ratione recusandae provident quasi eos deleniti. Aut et fuga iste sequi alias molestiae.', 0, '2019-08-11 01:40:46', '2019-08-11 01:40:46'),
(231, 37, 'Mr. Kellen Zieme MD', 'Quia molestiae beatae beatae cupiditate officia dolor in nihil. Omnis consectetur aut magnam nemo sit eveniet placeat. Nam eos iure odit voluptas qui rerum assumenda.', 5, '2019-08-11 01:40:46', '2019-08-11 01:40:46'),
(232, 40, 'Braden O\'Keefe', 'Harum est ipsum repudiandae expedita aut. Non quis soluta deserunt debitis illum eum enim. Consequatur ratione est ipsum nihil et ipsum.', 5, '2019-08-11 01:40:46', '2019-08-11 01:40:46'),
(233, 46, 'Kitty Mraz', 'Dolores in similique consequatur consequatur et. Sapiente dolores aspernatur quibusdam pariatur reiciendis aut cupiditate. Dolores quia neque vero ipsam. Aut saepe deleniti modi qui ut velit alias.', 4, '2019-08-11 01:40:46', '2019-08-11 01:40:46'),
(234, 36, 'Prof. Zena Willms DDS', 'Nemo iusto libero distinctio tempora et nulla id. Amet quibusdam animi omnis beatae ut. Et esse blanditiis fuga ex.', 5, '2019-08-11 01:40:46', '2019-08-11 01:40:46'),
(235, 50, 'Earlene McClure', 'Quasi nemo quidem qui. Qui recusandae possimus et similique aliquam ut dicta. Et porro sequi velit aut a. Voluptas reprehenderit possimus repellendus id sunt. Sapiente ea maxime est velit.', 3, '2019-08-11 01:40:46', '2019-08-11 01:40:46'),
(236, 25, 'Alvis Ullrich', 'Laborum nesciunt expedita dolores pariatur. Quaerat reprehenderit reprehenderit laudantium. Unde officiis corrupti voluptatibus sunt sint nisi aut. Alias molestias ea reiciendis voluptatem qui modi rerum. Laborum facere ut temporibus rerum omnis et.', 1, '2019-08-11 01:40:46', '2019-08-11 01:40:46'),
(237, 12, 'Ima Schimmel', 'Sed reiciendis voluptatem aut eos. Porro laborum nemo veritatis libero magnam omnis labore ab. Id illo officiis ut voluptates.', 4, '2019-08-11 01:40:46', '2019-08-11 01:40:46'),
(238, 30, 'Deborah Botsford', 'Nemo id dolor accusamus praesentium. Est beatae labore expedita aliquam ullam illum omnis reiciendis. Ratione animi voluptatem neque ducimus culpa.', 2, '2019-08-11 01:40:46', '2019-08-11 01:40:46'),
(239, 34, 'Dr. Laury Stroman', 'Odit eum enim voluptatem voluptatum. Accusamus fugiat culpa similique quo cumque vel et.', 3, '2019-08-11 01:40:46', '2019-08-11 01:40:46'),
(240, 7, 'Louisa Hermann', 'Voluptatem deserunt recusandae quos reprehenderit dolorem beatae quo facilis. Eos saepe eum aperiam optio aut. Ipsa qui rerum vitae libero. In delectus facere temporibus.', 1, '2019-08-11 01:40:46', '2019-08-11 01:40:46'),
(241, 37, 'Mr. Baron Gibson', 'Qui quasi et qui et perspiciatis aut ab est. Dicta ad labore enim et temporibus voluptatum dolorum. Explicabo at porro quo eos laboriosam.', 1, '2019-08-11 01:40:46', '2019-08-11 01:40:46'),
(242, 31, 'Edwardo Blick', 'Totam autem illum rerum quas enim earum. Odio nemo voluptatem laudantium aliquam eaque. Quo cum omnis minus dolor.', 4, '2019-08-11 01:40:46', '2019-08-11 01:40:46'),
(243, 10, 'Sincere Barrows', 'Est deleniti excepturi amet fuga. Velit possimus molestias ut. Rerum autem rerum aperiam velit sit.', 4, '2019-08-11 01:40:46', '2019-08-11 01:40:46'),
(244, 44, 'Prof. Angus Rippin III', 'Nostrum ut suscipit voluptatibus omnis et aut. Est eligendi et accusantium est commodi magnam.', 0, '2019-08-11 01:40:46', '2019-08-11 01:40:46'),
(245, 49, 'Norma Deckow', 'Vel voluptatibus aut voluptatem quasi ut. Et et non quisquam minima placeat molestiae eligendi. Occaecati consectetur vel ratione quaerat velit corrupti qui.', 3, '2019-08-11 01:40:46', '2019-08-11 01:40:46'),
(246, 22, 'Otto Botsford', 'Qui qui ea distinctio quas quia saepe. Ratione deserunt quo culpa cumque et et sequi. Quaerat non magnam rerum perspiciatis amet ipsum. Culpa dolores aliquid soluta eius repellendus maxime ab. Sed eos sapiente natus at veniam quis alias.', 0, '2019-08-11 01:40:46', '2019-08-11 01:40:46'),
(247, 12, 'Dylan Borer', 'Id nam recusandae reprehenderit dolor aliquam nesciunt. Necessitatibus maiores aspernatur neque voluptatem dolorem blanditiis rerum est. Consequuntur laboriosam in illo laboriosam velit qui.', 0, '2019-08-11 01:40:46', '2019-08-11 01:40:46'),
(248, 38, 'Alene Dooley', 'Accusantium fugit dolor sit sunt eveniet. Quo molestiae minus culpa reiciendis aspernatur ducimus enim. Ut itaque et autem eligendi assumenda voluptate tenetur exercitationem. Voluptate facere accusantium eum iusto et minus.', 1, '2019-08-11 01:40:46', '2019-08-11 01:40:46'),
(249, 25, 'Natalia Miller', 'Doloremque soluta dignissimos in. Dolor numquam fugiat accusamus adipisci velit ipsa velit. Laboriosam odio aut nam laboriosam occaecati aut. Voluptatem molestiae doloremque omnis voluptatem id.', 4, '2019-08-11 01:40:47', '2019-08-11 01:40:47'),
(250, 23, 'Rashad Ullrich', 'Delectus omnis praesentium quo est aperiam recusandae. Sint fugit alias possimus illo vitae veritatis. Iste corporis voluptates asperiores natus veniam. Id illum quia maxime nihil omnis inventore recusandae.', 4, '2019-08-11 01:40:47', '2019-08-11 01:40:47'),
(251, 40, 'Alexandra Reichel', 'Excepturi id blanditiis enim numquam consequuntur ad animi. Laboriosam odit officia aut rerum soluta debitis. Sequi earum ut atque non culpa dignissimos vitae. Ducimus saepe repellat voluptas libero.', 5, '2019-08-11 01:40:47', '2019-08-11 01:40:47'),
(252, 4, 'Kaylee Pollich', 'Quasi corporis provident voluptas magnam. Velit non mollitia sed velit aut explicabo. Quisquam ad veniam enim incidunt voluptatem ab cupiditate. Velit et sed cum laudantium sunt laboriosam harum.', 5, '2019-08-11 01:40:47', '2019-08-11 01:40:47'),
(253, 44, 'Prof. Ressie Brakus II', 'Possimus sunt accusamus ut quis. Nihil omnis et enim repellendus. Aut in ex hic voluptate rem veritatis.', 5, '2019-08-11 01:40:47', '2019-08-11 01:40:47'),
(254, 20, 'Marielle Fadel', 'Omnis laboriosam praesentium ut eligendi. Nihil est reiciendis iusto possimus. Provident voluptas iste qui dignissimos rerum omnis. Aut nihil molestiae ut modi quo enim debitis vero.', 1, '2019-08-11 01:40:47', '2019-08-11 01:40:47'),
(255, 40, 'Berneice Miller', 'Nihil voluptas quis doloribus aperiam accusamus. Officiis qui vel et quo. Perspiciatis accusamus quaerat totam sed voluptatem aut numquam rerum.', 0, '2019-08-11 01:40:47', '2019-08-11 01:40:47'),
(256, 1, 'Hassie Schaden', 'Odit et qui repellat aspernatur velit. Et numquam et minus voluptatum. Voluptas porro quo voluptas a esse hic.', 0, '2019-08-11 01:40:47', '2019-08-11 01:40:47'),
(257, 16, 'Norval Heaney', 'Assumenda hic veniam officiis. Hic totam consequatur accusamus quia voluptatem labore molestiae nam. Sed aliquid maiores aliquam. Odit consectetur est quo molestias. Quasi sit hic voluptas autem consequatur vitae.', 1, '2019-08-11 01:40:47', '2019-08-11 01:40:47'),
(258, 12, 'Arne Willms', 'Assumenda ipsum eius voluptas eaque id earum. Et pariatur unde eligendi aut earum harum. Impedit voluptates modi aut veniam sint laboriosam asperiores recusandae. Laboriosam voluptatem facilis a culpa sapiente voluptatibus culpa expedita.', 2, '2019-08-11 01:40:47', '2019-08-11 01:40:47'),
(259, 19, 'Linda Deckow III', 'Odit qui ut voluptatem autem modi rerum et est. Voluptate fugiat eos perspiciatis consequatur dicta. Voluptatibus dolor rerum qui qui maiores voluptas eum. Sit consectetur commodi rerum perferendis ullam dolorem temporibus.', 1, '2019-08-11 01:40:47', '2019-08-11 01:40:47'),
(260, 45, 'Scarlett Halvorson', 'Ea incidunt soluta a harum ut et. Magni omnis placeat quos dolor vero unde dolores. Perspiciatis sit ea aperiam illum vel. Accusantium corrupti et autem illo ipsa et.', 5, '2019-08-11 01:40:47', '2019-08-11 01:40:47'),
(261, 36, 'Prof. Addie Walsh V', 'Accusantium recusandae enim beatae cum voluptatem neque. Eos quaerat reprehenderit mollitia quibusdam eligendi placeat et. Minus voluptatem est qui corrupti quia. Ex culpa voluptatem voluptatum temporibus dolorem. Eaque quod nam sed error tenetur nostrum.', 5, '2019-08-11 01:40:47', '2019-08-11 01:40:47'),
(262, 8, 'Madilyn Jakubowski', 'Ullam iste sit nobis. Debitis exercitationem consequatur doloremque voluptate est. Esse laudantium accusantium odio nobis earum quo aut. Dolorum nobis provident tempore et culpa quia sit.', 0, '2019-08-11 01:40:47', '2019-08-11 01:40:47'),
(263, 38, 'Hermann DuBuque', 'Blanditiis quia temporibus et. Pariatur consectetur doloribus omnis ut commodi qui fugit. Dolor sunt iusto at quis minus. Ex tenetur rem iusto placeat.', 0, '2019-08-11 01:40:47', '2019-08-11 01:40:47'),
(264, 50, 'Prof. Rhianna Bednar', 'Eligendi quia culpa velit possimus ea eligendi. Ipsum ut necessitatibus et occaecati iure consequatur ab. Beatae rerum hic iure.', 4, '2019-08-11 01:40:47', '2019-08-11 01:40:47'),
(265, 15, 'Cleve Cassin', 'Optio totam deserunt quis ea adipisci qui quidem magnam. Dolores voluptatem repellendus rerum non dolorem nisi at. Distinctio excepturi sint atque consequuntur.', 3, '2019-08-11 01:40:47', '2019-08-11 01:40:47'),
(266, 49, 'Neha Hammes', 'Dolorem beatae exercitationem velit numquam tempora reiciendis. Atque dolores sit aut nemo porro rerum aut. Molestiae qui qui architecto consequatur repudiandae distinctio.', 4, '2019-08-11 01:40:47', '2019-08-11 01:40:47'),
(267, 38, 'Ima Kertzmann', 'Ipsa praesentium deleniti velit. Et et eligendi est ipsum non saepe.', 2, '2019-08-11 01:40:47', '2019-08-11 01:40:47'),
(268, 24, 'Marley Blick', 'Est aliquam rerum non cupiditate ipsum qui assumenda. Impedit ex qui rerum fugiat aut qui excepturi. Aut in doloribus optio magnam et. Quod consequatur cupiditate qui non. Eos quo aut quis molestiae maxime.', 0, '2019-08-11 01:40:47', '2019-08-11 01:40:47'),
(269, 1, 'Carson Mueller I', 'Laboriosam maxime delectus sit corrupti. Ut quia eum excepturi rerum quas eveniet ea sint. Vel sit dolores magni nemo nihil in tenetur.', 5, '2019-08-11 01:40:47', '2019-08-11 01:40:47'),
(270, 47, 'Oda Stark', 'Rem necessitatibus harum optio ducimus. Cupiditate quis incidunt eos sapiente ut eum. Laborum culpa eos voluptate excepturi totam. Ad assumenda exercitationem quam voluptatibus ab quod.', 3, '2019-08-11 01:40:47', '2019-08-11 01:40:47'),
(271, 3, 'Vella Baumbach', 'Quasi voluptas quaerat est quidem omnis praesentium. Assumenda est blanditiis nisi molestias quia. Quia deserunt aliquid est ex aperiam et nesciunt.', 2, '2019-08-11 01:40:47', '2019-08-11 01:40:47'),
(272, 48, 'Reynold Reichert', 'Qui nihil facere voluptas autem voluptate qui excepturi. Et enim aspernatur repudiandae fugit veniam. Explicabo adipisci natus mollitia quas.', 5, '2019-08-11 01:40:47', '2019-08-11 01:40:47'),
(273, 45, 'Dr. Claudie Ritchie IV', 'Cum quia ad soluta ut vel placeat sed et. Ratione omnis laudantium aut. Ipsam illo molestiae sit occaecati quidem eum laboriosam excepturi. Sint accusantium et qui voluptas sunt ab rerum.', 2, '2019-08-11 01:40:47', '2019-08-11 01:40:47'),
(274, 40, 'Jesus Deckow', 'Omnis sunt est sed assumenda est. Illo omnis quo totam porro quis. Dicta omnis rerum aut et rerum. Fuga voluptatibus natus ut ab.', 0, '2019-08-11 01:40:47', '2019-08-11 01:40:47'),
(275, 20, 'Prof. Tess Franecki III', 'Officia non velit ea exercitationem. Distinctio voluptas nobis non nihil sit adipisci. Rem qui vel sed. Quis atque reprehenderit quam aperiam expedita.', 5, '2019-08-11 01:40:47', '2019-08-11 01:40:47'),
(276, 32, 'Dr. Bernadine Oberbrunner', 'Omnis eveniet voluptatem explicabo totam. Dolorem illum dignissimos est. Maxime tenetur sed sed enim. In ullam voluptatibus explicabo nostrum nobis voluptas.', 0, '2019-08-11 01:40:47', '2019-08-11 01:40:47'),
(277, 45, 'Aleen Crist', 'Molestias delectus quasi sequi totam laborum. Et beatae odit voluptate quia at quisquam. Corporis veritatis unde laboriosam omnis dolores inventore quasi.', 0, '2019-08-11 01:40:47', '2019-08-11 01:40:47'),
(278, 15, 'Devonte Braun PhD', 'Delectus dolores enim repellendus perspiciatis quisquam provident saepe. Enim architecto ut reprehenderit. Quia rerum natus nihil eos et et vero.', 2, '2019-08-11 01:40:47', '2019-08-11 01:40:47'),
(279, 11, 'Prof. Oscar Zulauf DVM', 'Consequatur optio quisquam autem dignissimos hic. Ut dolore voluptatem facilis aut voluptate cupiditate. Est molestiae quam ducimus velit occaecati et.', 5, '2019-08-11 01:40:47', '2019-08-11 01:40:47'),
(280, 4, 'Craig Prosacco', 'Aliquam eaque eos dolorem nesciunt consectetur itaque. Doloremque corporis quos ut illo itaque omnis illo. Odit saepe quis omnis in consequatur nemo. Perspiciatis reiciendis dolor eius sed.', 2, '2019-08-11 01:40:47', '2019-08-11 01:40:47'),
(281, 24, 'Ella Morissette', 'Eaque officia et totam nostrum qui nulla error nisi. Numquam rerum molestiae quia sunt quibusdam et est. Aliquid exercitationem recusandae est.', 2, '2019-08-11 01:40:47', '2019-08-11 01:40:47'),
(282, 41, 'Dr. Fletcher Runolfsdottir II', 'Eum molestiae nihil laboriosam qui. Rem dolorem laudantium maxime dolorem. Libero aspernatur molestiae laboriosam veniam. Voluptatibus quaerat corrupti voluptatum enim iure.', 5, '2019-08-11 01:40:47', '2019-08-11 01:40:47'),
(283, 49, 'Dr. Lisandro Huel', 'Libero voluptatum totam odio corrupti. Quo est dignissimos esse necessitatibus. Quae est qui quia qui numquam.', 0, '2019-08-11 01:40:47', '2019-08-11 01:40:47'),
(284, 33, 'Miss Kathryn McGlynn', 'Ullam voluptas velit dolorem omnis dicta voluptatem sit. Dolor consequatur similique cum aperiam dignissimos esse sequi. Soluta aut officia molestias et laboriosam dignissimos sequi. Sint adipisci sit fugit quo.', 5, '2019-08-11 01:40:47', '2019-08-11 01:40:47'),
(285, 33, 'Dr. Kiera Orn', 'Ad ut facere velit repellendus et. A repudiandae sint sed molestiae.', 4, '2019-08-11 01:40:47', '2019-08-11 01:40:47'),
(286, 3, 'Prof. Margie Davis', 'Pariatur cupiditate itaque autem id repudiandae sit. Quia dolorem provident dolor est quod.', 5, '2019-08-11 01:40:47', '2019-08-11 01:40:47'),
(287, 43, 'Amaya Herzog', 'Quo ut eos debitis porro. A consequatur sapiente velit. Quis voluptatem et vitae dolores vero facilis hic unde. Dolorem et magnam sit ut porro sint.', 5, '2019-08-11 01:40:47', '2019-08-11 01:40:47'),
(288, 2, 'Enrique Leannon', 'Voluptates qui nostrum quia modi et dolor quos assumenda. Aut est dicta ut tempora. Dolores ea vero quaerat et eos.', 2, '2019-08-11 01:40:48', '2019-08-11 01:40:48'),
(289, 9, 'Darren Schultz', 'Culpa in commodi facere pariatur laudantium. Quo ipsum ut rerum qui dolorem voluptatem. Voluptatem reprehenderit odio ex est totam dolorem enim. Autem vitae earum cumque quia. Velit quis nobis consequatur sapiente.', 0, '2019-08-11 01:40:48', '2019-08-11 01:40:48'),
(290, 3, 'Tomasa Ritchie', 'A ipsam sed quibusdam recusandae. Deleniti et sit impedit necessitatibus aut ipsa dolor eveniet. Ut corporis eaque et amet tempore odit maxime.', 0, '2019-08-11 01:40:48', '2019-08-11 01:40:48'),
(291, 29, 'Eliseo Waters', 'Et laboriosam itaque qui sunt quibusdam sit. Accusamus impedit et dolor voluptas. Et ipsam quam reprehenderit excepturi esse aut expedita.', 1, '2019-08-11 01:40:48', '2019-08-11 01:40:48'),
(292, 32, 'Karlee Marks', 'Harum in neque eaque aut qui. Qui vero animi aut ut possimus qui ratione. Ut cupiditate ipsam dolor quae laboriosam impedit. Quas omnis quis perspiciatis temporibus itaque.', 4, '2019-08-11 01:40:48', '2019-08-11 01:40:48'),
(293, 5, 'Prof. Collin Pfannerstill Sr.', 'Ad expedita repellendus molestiae accusamus. Quia aperiam tempora nihil ullam nostrum. Minima et accusantium beatae in facilis inventore reprehenderit. Voluptas reiciendis consequatur animi in dolor tempore repellat est.', 4, '2019-08-11 01:40:48', '2019-08-11 01:40:48'),
(294, 2, 'Mr. Eric Pfeffer IV', 'Pariatur quia expedita consectetur maxime magnam. Et repellat quis consequuntur reiciendis et eum inventore. Sed eligendi distinctio corporis sapiente ducimus culpa.', 3, '2019-08-11 01:40:48', '2019-08-11 01:40:48'),
(295, 9, 'Erich Mills', 'Aut similique sit doloribus nostrum. Voluptas tempore sit velit.', 5, '2019-08-11 01:40:48', '2019-08-11 01:40:48'),
(296, 22, 'Rosella Funk', 'Dolorum enim dicta repellat facere debitis labore. Tempora commodi excepturi non. Rerum alias aliquid deleniti aut voluptatem.', 2, '2019-08-11 01:40:48', '2019-08-11 01:40:48'),
(297, 21, 'Dayne Wiza', 'Quia voluptas unde minima qui. Facere sed provident totam dignissimos qui qui. Exercitationem numquam non et nesciunt est laboriosam. Qui temporibus in libero eum mollitia. Dolores et et asperiores exercitationem voluptatem.', 0, '2019-08-11 01:40:48', '2019-08-11 01:40:48'),
(298, 13, 'Golda Dicki', 'Rerum qui velit sapiente quis. Numquam voluptatem ut nostrum laudantium consequatur corrupti autem modi. Sint quae beatae nobis nisi placeat.', 3, '2019-08-11 01:40:48', '2019-08-11 01:40:48'),
(299, 17, 'Federico Wisozk', 'Ut sit dolorum sunt sint debitis. Vitae maiores culpa possimus. Dolores dolor quae voluptatibus cupiditate excepturi.', 1, '2019-08-11 01:40:48', '2019-08-11 01:40:48'),
(300, 49, 'Octavia McGlynn', 'Sit quia reprehenderit nostrum ea enim libero. Quas laborum qui nobis sint dolore doloremque voluptatem sed. Ipsum aperiam rerum nihil explicabo nulla cum voluptates.', 5, '2019-08-11 01:40:48', '2019-08-11 01:40:48');

-- --------------------------------------------------------

--
-- Table structure for table `users`
--

CREATE TABLE `users` (
  `id` int(10) UNSIGNED NOT NULL,
  `name` varchar(191) COLLATE utf8mb4_unicode_ci NOT NULL,
  `email` varchar(191) COLLATE utf8mb4_unicode_ci NOT NULL,
  `password` varchar(191) COLLATE utf8mb4_unicode_ci NOT NULL,
  `remember_token` varchar(100) COLLATE utf8mb4_unicode_ci DEFAULT NULL,
  `created_at` timestamp NULL DEFAULT NULL,
  `updated_at` timestamp NULL DEFAULT NULL
) ENGINE=InnoDB DEFAULT CHARSET=utf8mb4 COLLATE=utf8mb4_unicode_ci;

--
-- Indexes for dumped tables
--

--
-- Indexes for table `migrations`
--
ALTER TABLE `migrations`
  ADD PRIMARY KEY (`id`);

--
-- Indexes for table `password_resets`
--
ALTER TABLE `password_resets`
  ADD KEY `password_resets_email_index` (`email`);

--
-- Indexes for table `products`
--
ALTER TABLE `products`
  ADD PRIMARY KEY (`id`),
  ADD KEY `products_user_id_index` (`user_id`);

--
-- Indexes for table `reviews`
--
ALTER TABLE `reviews`
  ADD PRIMARY KEY (`id`),
  ADD KEY `reviews_product_id_index` (`product_id`);

--
-- Indexes for table `users`
--
ALTER TABLE `users`
  ADD PRIMARY KEY (`id`),
  ADD UNIQUE KEY `users_email_unique` (`email`);

--
-- AUTO_INCREMENT for dumped tables
--

--
-- AUTO_INCREMENT for table `migrations`
--
ALTER TABLE `migrations`
  MODIFY `id` int(10) UNSIGNED NOT NULL AUTO_INCREMENT, AUTO_INCREMENT=5;

--
-- AUTO_INCREMENT for table `products`
--
ALTER TABLE `products`
  MODIFY `id` int(10) UNSIGNED NOT NULL AUTO_INCREMENT, AUTO_INCREMENT=51;

--
-- AUTO_INCREMENT for table `reviews`
--
ALTER TABLE `reviews`
  MODIFY `id` int(10) UNSIGNED NOT NULL AUTO_INCREMENT, AUTO_INCREMENT=301;

--
-- AUTO_INCREMENT for table `users`
--
ALTER TABLE `users`
  MODIFY `id` int(10) UNSIGNED NOT NULL AUTO_INCREMENT;

--
-- Constraints for dumped tables
--

--
-- Constraints for table `reviews`
--
ALTER TABLE `reviews`
  ADD CONSTRAINT `reviews_product_id_foreign` FOREIGN KEY (`product_id`) REFERENCES `products` (`id`) ON DELETE CASCADE;
COMMIT;

/*!40101 SET CHARACTER_SET_CLIENT=@OLD_CHARACTER_SET_CLIENT */;
/*!40101 SET CHARACTER_SET_RESULTS=@OLD_CHARACTER_SET_RESULTS */;
/*!40101 SET COLLATION_CONNECTION=@OLD_COLLATION_CONNECTION */;
